Liturgy,Book,Name,Reading,Color Map,Lectionary #,Year,Note
Lectionary,Genesis,Easter Vigil (1st Reading),"Gen 1:1—2:2 or 1:1, 26-31a",Sunday Reading,41,ABC,First Story of Creation
Lectionary,Genesis,1st Sunday of Lent,Gen 2:7-9; 3:1-7,Sunday Reading,22,A,Second Story of Creation
Lectionary,Genesis,27th Sunday in Ordinary Time,Gen 2:18-24,Sunday Reading,140,B,Creation of Woman as a Partner for Man
Lectionary,Genesis,10th Sunday in Ordinary Time,Gen 3:9-15,Sunday Reading,89,B,"Fall of Adam and Eve, and the Curse of the Serpent"
Lectionary,Genesis,Dec 8: Immaculate Conception of the BVMary,"Gen 3:9-15, 20",Solemnities & Feasts,689,,"Fall of Adam and Eve, and the Curse of the Serpent"
Lectionary,Genesis,1st Sunday of Lent,Gen 9:8-15,Sunday Reading,23,B,God’s Covenant with Noah
Lectionary,Genesis,Pentecost Sunday: Vigil Mass (Option 1),Gen 11:1-9,Sunday Reading,62,ABC,Tower of Babel
Lectionary,Genesis,2nd Sunday of Lent,Gen 12:1-4a,Sunday Reading,25,A,Call of Abram
Lectionary,Genesis,Sunday after Trinity Sun: Body & Blood of Christ,Gen 14:18-20,Sunday Reading,169,C,"Melchizedek Offers Bread and Wine, and Blesses Abram"
Lectionary,Genesis,Sunday in Octave of Christmas: Holy Family (Opt. B),Gen 15:1-6; 21:1-3,Sunday Reading,17,B,God’s Covenant with Abraham; Birth of Isaac
Lectionary,Genesis,2nd Sunday of Lent,"Gen 15:5-12, 17-18",Sunday Reading,27,C,God’s Covenant with Abram
Lectionary,Genesis,16th Sunday in Ordinary Time,Gen 18:1-10a,Sunday Reading,108,C,Abraham’s Three Visitors at Mamre
Lectionary,Genesis,17th Sunday in Ordinary Time,Gen 18:20-32,Sunday Reading,111,C,Abraham Intercedes for Sodom
Lectionary,Genesis,2nd Sunday of Lent,"Gen 22:1-2, 9a, 10-13, 15-18",Sunday Reading,26,B,Testing of Abraham (Sacrifice of Isaac)
Lectionary,Genesis,Easter Vigil (2nd Reading),"Gen 22:1-18 or 22:1-2, 9a, 10-13, 15-18",Sunday Reading,41,ABC,Testing of Abraham
Lectionary,Exodus,3rd Sunday of Lent,"Exod 3:1-8a, 13-15",Sunday Reading,30,C,Burning Bush and the Call of Moses
Lectionary,Exodus,Holy Thursday: Mass of the Lord’s Supper,"Exod 12:1-8, 11-14",Sunday Reading,39,ABC,Prescriptions for the Passover Ritual
Lectionary,Exodus,Easter Vigil (3rd Reading),Exod 14:15—15:1,Sunday Reading,41,ABC,Exodus
Lectionary,Exodus,Easter Vigil (3rd Response - note 4),"Exod 15:1-2, 3-4, 5-6, 17-18",Sunday Reading,41,ABC,Israelites' Song of Victory over Pharaoh's Army
Lectionary,Exodus,18th Sunday in Ordinary Time,"Exod 16:2-4, 12-15",Sunday Reading,113,B,Manna and Quail in the Desert
Lectionary,Exodus,3rd Sunday of Lent,Exod 17:3-7,Sunday Reading,28,A,Moses Strikes Water from the Rock in Horeb
Lectionary,Exodus,29th Sunday in Ordinary Time,Exod 17:8-13,Sunday Reading,147,C,Moses Prays as Joshua Battles Amalek
Lectionary,Exodus,11th Sunday in Ordinary Time,Exod 19:2-6a,Sunday Reading,91,A,Israelites Arrive at Mount Sinai; God Speaks to Moses
Lectionary,Exodus,Pentecost Sunday: Vigil Mass (Option 2),"Exod 19:3-8a, 16-20b",Sunday Reading,62,ABC,Arrival and Theophany at Sinai
Lectionary,Exodus,3rd Sunday of Lent,"Exod 20:1-17 or 20:1-3, 7-8, 12-17",Sunday Reading,29,B,Ten Commandments
Lectionary,Exodus,30th Sunday in Ordinary Time,Exod 22:20-26,Sunday Reading,148,A,"Laws to Protect Aliens, Widows, Orphans, and the Poor"
Lectionary,Exodus,Sunday after Trinity Sun: Body & Blood of Christ,Exod 24:3-8,Sunday Reading,168,B,Ratification of the Covenant with Blood
Lectionary,Exodus,24th Sunday in Ordinary Time,"Exod 32:7-11, 13-14",Sunday Reading,132,C,Golden Calf and Moses’ Prayer for the People
Lectionary,Exodus,Sunday after Pentecost: Holy Trinity,"Exod 34:4b-6, 8-9",Sunday Reading,164,A,Moses Encounters the Lord Again on Mount Sinai
Lectionary,Leviticus,6th Sunday in Ordinary Time,"Lev 13:1-2, 44-46",Sunday Reading,77,B,Regulations Concerning Leprosy
Lectionary,Leviticus,7th Sunday in Ordinary Time,"Lev 19:1-2, 17-18",Sunday Reading,79,A,Be Holy as God Is Holy; Love Your Neighbor as Yourself
Lectionary,Numbers,"Jan. 1: Mary, Mother of God",Num 6:22-27,Sunday Reading,18,ABC,Priestly Blessing of Aaron
Lectionary,Numbers,26th Sunday in Ordinary Time,Num 11:25-29,Sunday Reading,137,B,God’s Spirit Comes upon 70 Elders
Lectionary,,Sept 14: Exaltation of the Holy Cross,Num 21:4b-9,Solemnities & Feasts,638,,Moses Lifts Up a Bronze Serpent
Lectionary,Deuteronomy,22nd Sunday in Ordinary Time,"Deut 4:1-2, 6-8",Sunday Reading,125,B,Moses Calls the People to Keep God’s Commands
Lectionary,Deuteronomy,Sunday after Pentecost: Holy Trinity,"Deut 4:32-34, 39-40",Sunday Reading,165,B,Proofs of God’s Care for the People
Lectionary,Deuteronomy,9th Sunday in Ordinary Time,Deut 5:12-15,Sunday Reading,86,B,Keep Holy the Sabbath Day
Lectionary,Deuteronomy,31st Sunday in Ordinary Time,Deut 6:2-6,Sunday Reading,152,B,"“Hear, O Israel.” (Great Commandment)"
Lectionary,Deuteronomy,Friday after 2nd Sun after Pentecost: Sacred Heart,Deut 7:6-11,Sunday Reading,170,A,God’s Love for His Chosen Nation
Lectionary,Deuteronomy,Sunday after Trinity Sun: Body & Blood of Christ,"Deut 8:2-3, 14b-16a",Sunday Reading,167,A,God Fed You with Manna for 40 Years
Lectionary,Deuteronomy,9th Sunday in Ordinary Time,"Deut 11:18, 26-28, 32",Sunday Reading,85,A,Blessings/Curses for Obeying/Rejecting God’s Commandments
Lectionary,Deuteronomy,4th Sunday in Ordinary Time,Deut 18:15-20,Sunday Reading,71,B,God Will Raise Up a Prophet Like Moses
Lectionary,Deuteronomy,1st Sunday of Lent,Deut 26:4-10,Sunday Reading,24,C,Thank Offerings for the Harvest
Lectionary,Deuteronomy,15th Sunday in Ordinary Time,Deut 30:10-14,Sunday Reading,105,C,"God’s Commands Are Not Remote, but Near"
Lectionary,Joshua,4th Sunday of Lent,"Josh 5:9a, 10-12",Sunday Reading,33,C,Passover at Gilgal and the Cessation of Manna
Lectionary,Joshua,21st Sunday in Ordinary Time,"Josh 24:1-2a, 15-17, 18b",Sunday Reading,122,B,Joshua Calls the People to Serve the Lord
Lectionary,1 Samuel,Sunday in Octave of Christmas: Holy Family (Opt. C),"1 Sam 1:20-22, 24-28",Sunday Reading,17,C,"Hannah Offers Her Son, Samuel, to God"
Lectionary,1 Samuel,2nd Sunday in Ordinary Time,"1 Sam 3:3b-10, 19",Sunday Reading,65,B,God’s Revelation to Young Samuel
Lectionary,1 Samuel,4th Sunday of Lent,"1 Sam 16:1b, 6-7, 10-13a",Sunday Reading,31,A,Samuel Anoints David in Bethlehem
Lectionary,1 Samuel,7th Sunday in Ordinary Time,"1 Sam 26:2, 7-9, 12-13, 22-23",Sunday Reading,81,C,David Spares the Life of Saul
Lectionary,2 Samuel,34th Sunday in Ord. Time: Christ the King,2 Sam 5:1-3,Sunday Reading,162,C,David Is Anointed as King of All Israel
Lectionary,2 Samuel,4th Sunday of Advent,"2 Sam 7:1-5, 8b-12, 14a, 16",Sunday Reading,11,B,God’s Promises to the House of David
Lectionary,2 Samuel,"March 19: St. Joseph, Husband of the BVMary","2 Sam 7:4-5a, 12-14a, 16",Solemnities & Feasts,543,,Lord’s Promises to David
Lectionary,2 Samuel,11th Sunday in Ordinary Time,"2 Sam 12:7-10, 13",Sunday Reading,93,C,David’s Punishment for the Murder of Uriah
Lectionary,1 Kings,17th Sunday in Ordinary Time,"1 Kgs 3:5, 7-12",Sunday Reading,109,A,Solomon Asks for Wisdom and Understanding
Lectionary,1 Kings,9th Sunday in Ordinary Time,1 Kgs 8:41-43,Sunday Reading,87,C,Solomon Prays in the Temple for Foreigners
Lectionary,1 Kings,32nd Sunday in Ordinary Time,1 Kgs 17:10-16,Sunday Reading,155,B,Elijah Feeds the Widow of Zarephath
Lectionary,1 Kings,10th Sunday in Ordinary Time,1 Kgs 17:17-24,Sunday Reading,90,C,Elijah Restores a Widow’s Son to Life in Zarephath
Lectionary,1 Kings,19th Sunday in Ordinary Time,1 Kgs 19:4-8,Sunday Reading,116,B,Elijah’s Flight to Mount Horeb
Lectionary,1 Kings,19th Sunday in Ordinary Time,"1 Kgs 19:9a, 11-13a",Sunday Reading,115,A,Elijah Encounters God from a Cave on Mount Horeb
Lectionary,1 Kings,13th Sunday in Ordinary Time,"1 Kgs 19:16b, 19-21",Sunday Reading,99,C,Elisha Becomes the Follower of Elijah
Lectionary,2 Kings,13th Sunday in Ordinary Time,"2 Kgs 4:8-11, 14-16a",Sunday Reading,97,A,Elisha Promises a Son to the Shunammite Woman
Lectionary,2 Kings,17th Sunday in Ordinary Time,2 Kgs 4:42-44,Sunday Reading,110,B,Elisha Feeds 100 People with 20 Barley Loaves
Lectionary,2 Kings,28th Sunday in Ordinary Time,2 Kgs 5:14-17,Sunday Reading,144,C,"Elisha Cures Naaman, the Syrian Leper"
Lectionary,1 Chronicles,"Aug 15: Assumption of the BVMary, Vigil","1 Chr 15:3-4, 15-16; 16:1-2",Solemnities & Feasts,621,,Ark Is Brought into Jerusalem
Lectionary,2 Chronicles,4th Sunday of Lent,"2 Chr 36:14-16, 19-23",Sunday Reading,32,B,Babylonian Exile and the Decree of Cyrus
Lectionary,Nehemiah,3rd Sunday in Ordinary Time,"Neh 8:2-4a, 5-6, 8-10",Sunday Reading,69,C,Ezra Reads God’s Law to the People
Lectionary,2 Maccabees,32nd Sunday in Ordinary Time,"2 Macc 7:1-2, 9-14",Sunday Reading,156,C,Martyrdom of Seven Brothers and Their Mother
Lectionary,Job,5th Sunday in Ordinary Time,"Job 7:1-4, 6-7",Sunday Reading,74,B,Job’s First Reply to His Friends
Lectionary,Job,12th Sunday in Ordinary Time,"Job 38:1, 8-11",Sunday Reading,95,B,Lord Questions Job
Lectionary,Proverbs,Sunday after Pentecost: Holy Trinity,Prov 8:22-31,Sunday Reading,166,C,Divine Wisdom Present at the Creation
Lectionary,Proverbs,20th Sunday in Ordinary Time,Prov 9:1-6,Sunday Reading,119,B,Wisdom’s Invitation to Her Banquet
Lectionary,Proverbs,33rd Sunday in Ordinary Time,"Prov 31:10-13, 19-20, 30-31",Sunday Reading,157,A,In Praise of the Good Wife
Lectionary,Ecclesiastes,18th Sunday in Ordinary Time,"Eccl 1:2, 2:21-23",Sunday Reading,114,C,Vanity of Toil without Profit
Lectionary,Wisdom,13th Sunday in Ordinary Time,"Wis 1:13-15, 2:23-24",Sunday Reading,98,B,God Did Not Create Death; the Devil Did
Lectionary,Wisdom,25th Sunday in Ordinary Time,"Wis 2:12, 17-20",Sunday Reading,134,B,Wicked Persons Plot against the Just One
Lectionary,Wisdom,Nov 2: Commemoration of All Souls (Option 1),Wis 3:1-9,Solemnities & Feasts,668.1,,Souls of the Just in the Hands of God
Lectionary,Wisdom,Nov 2: Commemoration of All Souls (Option 2),Wis 4:7-15,Solemnities & Feasts,668.2,,Just Person Shall Be at Rest
Lectionary,Wisdom,32nd Sunday in Ordinary Time,Wis 6:12-16,Sunday Reading,154,A,An Exhortation to Seek Wisdom
Lectionary,Wisdom,28th Sunday in Ordinary Time,Wis 7:7-11,Sunday Reading,143,B,Solomon Prayed for Prudence and Wisdom
Lectionary,Wisdom,23rd Sunday in Ordinary Time,Wis 9:13-18b,Sunday Reading,129,C,Who Can Know God’s Counsel?
Lectionary,Wisdom,31st Sunday in Ordinary Time,Wis 11:22—12:2,Sunday Reading,153,C,God’s Mercy on All Things
Lectionary,Wisdom,16th Sunday in Ordinary Time,"Wis 12:13, 16-19",Sunday Reading,106,A,God’s Power and Mercy
Lectionary,Wisdom,19th Sunday in Ordinary Time,Wis 18:6-9,Sunday Reading,117,C,Recounting the Night of the First Passover
Lectionary,Sirach,Sunday in Octave of Christmas: Holy Family,"Sir 3:3-7, 14-17a",Sunday Reading,17,ABC,Duties toward One’s Parents
Lectionary,Sirach,22nd Sunday in Ordinary Time,"Sir 3:17-18, 20, 28-29",Sunday Reading,126,C,"Be Humble, to Find Favor with God"
Lectionary,Sirach,6th Sunday in Ordinary Time,Sir 15:16-21,Sunday Reading,76,A,"If You Choose, You Can Keep God’s Commandments"
Lectionary,Sirach,2nd Sunday after Christmas (note 1),"Sir 24:1-4, 12-16",Sunday Reading,19,ABC,In Praise of Divine Wisdom
Lectionary,Sirach,8th Sunday in Ordinary Time,Sir 27:5-8 (alt. ref. 27:4-7),Sunday Reading,84,C,Test People by Their Speech
Lectionary,Sirach,24th Sunday in Ordinary Time,Sir 27:30—28:7,Sunday Reading,130,A,Put Aside Anger and Vengeance
Lectionary,Sirach,30th Sunday in Ordinary Time,"Sir 35:12-14, 16-18",Sunday Reading,150,C,Lord Hears the Cry of the Oppressed
Lectionary,Isaiah,1st Sunday of Advent,Isa 2:1-5,Sunday Reading,1,A,"Mount Zion, the Messianic Capital"
Lectionary,Isaiah,27th Sunday in Ordinary Time,Isa 5:1-7,Sunday Reading,139,A,Song of the Vineyard
Lectionary,Isaiah,5th Sunday in Ordinary Time,"Isa 6:1-2a, 3-8",Sunday Reading,75,C,Call of the Prophet Isaiah
Lectionary,Isaiah,4th Sunday of Advent,Isa 7:10-14,Sunday Reading,10,A,Sign from the Lord: Birth of Emmanuel
Lectionary,Isaiah,March 25: Annunciation of the Lord,Isa 7:10-14; 8:10c,Solemnities & Feasts,545,,Sign from the Lord: Birth of Emmanuel
Lectionary,Isaiah,3rd Sunday in Ordinary Time,Isa 8:23b—9:3,Sunday Reading,67,A,Darkness Is Dispelled; Light for the Gentiles
Lectionary,Isaiah,Dec. 25: Christmas: Mass at Midnight,Isa 9:1-6,Sunday Reading,14,ABC,A Child is Born: Prince of Peace
Lectionary,Isaiah,2nd Sunday of Advent,Isa 11:1-10,Sunday Reading,4,A,"Rule of Emmanuel, the Root of Jesse"
Lectionary,Isaiah,3rd Sunday of Advent (Response - note 4),"Isa 12:2-3, 4bcd, 5-6",Sunday Reading,9,C,Cry Out with Joy and Gladness: God Is My Salvation
Lectionary,Isaiah,Sun after Epiphany: Baptism of the Lord (Opt. B; Response - note 4),"Isa 12:2-3, 4bcd, 5-6",Sunday Reading,21,B,Cry Out with Joy and Gladness: God Is My Salvation
Lectionary,Isaiah,Easter Vigil (5th Response - note 4),"Isa 12:2-3, 4bcd, 5-6",Sunday Reading,41,ABC,Cry Out with Joy and Gladness: God Is My Salvation
Lectionary,Isaiah,Sacred Heart Friday (Response - note 4),"Isa 12:2-3, 4bcd, 5-6",Sunday Reading,171,B,Cry Out with Joy and Gladness: God Is My Salvation
Lectionary,Isaiah,21st Sunday in Ordinary Time,Isa 22:19-23,Sunday Reading,121,A,Eliakim Replaces Shebna as Master of the Palace
Lectionary,Isaiah,Nov 2: Commemoration of All Souls (Option 3),Isa 25:6-9,Solemnities & Feasts,668.3,,Lord Will Destroy Death Forever
Lectionary,Isaiah,28th Sunday in Ordinary Time,Isa 25:6-10a,Sunday Reading,142,A,God Provides a Feast for All Peoples; Destroys Death Forever
Lectionary,Isaiah,3rd Sunday of Advent,"Isa 35:1-6a, 10",Sunday Reading,7,A,Rejoicing at the Coming of God
Lectionary,Isaiah,23rd Sunday in Ordinary Time,Isa 35:4-7a,Sunday Reading,128,B,God Vindicates and Renews Israel
Lectionary,Isaiah,2nd Sunday of Advent,"Isa 40:1-5, 9-11",Sunday Reading,5,B,Promise of Salvation for God’s People
Lectionary,Isaiah,Sunday after Epiphany: Baptism of the Lord (Opt. C),"Isa 40:1-5, 9-11",Sunday Reading,21,C,Promise of Salvation for God’s People
Lectionary,Isaiah,Sunday after Epiphany: Baptism of the Lord,"Isa 42:1-4, 6-7",Sunday Reading,21,ABC,Servant of the Lord Brings Justice
Lectionary,Isaiah,5th Sunday of Lent,Isa 43:16-21,Sunday Reading,36,C,Promises of Restoration: Water in the Desert
Lectionary,Isaiah,7th Sunday in Ordinary Time,"Isa 43:18-19, 21-22, 24b-25",Sunday Reading,80,B,Promises of Restoration and Forgiveness
Lectionary,Isaiah,29th Sunday in Ordinary Time,"Isa 45:1, 4-6",Sunday Reading,145,A,"Cyrus, the Lord’s Anointed One, Liberator of Israel"
Lectionary,Isaiah,"June 24: Nativity of St. John the Baptist, Day",Isa 49:1-6,Solemnities & Feasts,587,,Servant of the Lord as Light to the Nations
Lectionary,Isaiah,2nd Sunday in Ordinary Time,"Isa 49:3, 5-6",Sunday Reading,64,A,Servant of the Lord as Light to the Nations
Lectionary,Isaiah,8th Sunday in Ordinary Time,Isa 49:14-15,Sunday Reading,82,A,The Lord Cannot Forget Zion
Lectionary,Isaiah,Palm Sunday Mass,Isa 50:4-7,Sunday Reading,38,ABC,"Despite Opposition, the Lord’s Servant Proclaims Salvation"
Lectionary,Isaiah,24th Sunday in Ordinary Time,Isa 50:5-9a,Sunday Reading,131,B,"Despite Opposition, the Lord’s Servant Proclaims Salvation"
Lectionary,Isaiah,Dec. 25: Christmas: Mass during the Day,Isa 52:7-10,Sunday Reading,16,ABC,Rejoicing at the Lord’s Salvation
Lectionary,Isaiah,Good Friday of the Lord’s Passion,Isa 52:13—53:12,Sunday Reading,40,ABC,Suffering and Triumph of the Servant of the Lord
Lectionary,Isaiah,29th Sunday in Ordinary Time,Isa 53:10-11,Sunday Reading,146,B,"By Suffering, God’s Servant Justifies Many"
Lectionary,Isaiah,Easter Vigil (4th Reading),Isa 54:5-14,Sunday Reading,41,ABC,God Redeems Israel
Lectionary,Isaiah,18th Sunday in Ordinary Time,Isa 55:1-3,Sunday Reading,112,A,"All Who Are Thirsty, Come to the Water"
Lectionary,Isaiah,Sunday after Epiphany: Baptism of the Lord (Opt. B),Isa 55:1-11,Sunday Reading,21,B,Come to the Water; Seek the Lord
Lectionary,Isaiah,Easter Vigil (5th Reading),Isa 55:1-11,Sunday Reading,41,ABC,Come to the Water; Seek the Lord
Lectionary,Isaiah,25th Sunday in Ordinary Time,Isa 55:6-9,Sunday Reading,133,A,Seek the Lord While He May Be Found
Lectionary,Isaiah,15th Sunday in Ordinary Time,Isa 55:10-11,Sunday Reading,103,A,God’s Word Shall Be Fruitful
Lectionary,Isaiah,20th Sunday in Ordinary Time,"Isa 56:1, 6-7",Sunday Reading,118,A,Lord’s House of Prayer for All Peoples
Lectionary,Isaiah,5th Sunday in Ordinary Time,Isa 58:7-10,Sunday Reading,73,A,Act Justly and Your Light Shall Shine
Lectionary,Isaiah,The Epiphany of the Lord,Isa 60:1-6,Sunday Reading,20,ABC,God’s Glory Shining in the New Jerusalem
Lectionary,Isaiah,3rd Sunday of Advent,"Isa 61:1-2a, 10-11",Sunday Reading,8,B,Lord’s Anointed Brings Justice and Rejoicing
Lectionary,Isaiah,Thursday of Holy Week: Chrism Mass,"Isa 61:1-3ab, 6a, 8b-9",Sunday Reading,260ABC,,Lord’s Anointed Brings Justice
Lectionary,Isaiah,Dec. 25: Christmas: Vigil Mass,Isa 62:1-5,Sunday Reading,13,ABC,Jerusalem’s Vindication as the Lord’s Bride
Lectionary,Isaiah,2nd Sunday in Ordinary Time,Isa 62:1-5,Sunday Reading,66,C,Jerusalem’s Vindication as the Lord’s Bride
Lectionary,Isaiah,Dec. 25: Christmas: Mass at Dawn,Isa 62:11-12,Sunday Reading,15,ABC,Savior of Zion Comes
Lectionary,Isaiah,1st Sunday of Advent,"Isa 63:16b-17, 19b; 64:2-7",Sunday Reading,2,B,Prayer for Return of God’s Favor
Lectionary,Isaiah,14th Sunday in Ordinary Time,Isa 66:10-14c,Sunday Reading,102,C,"God Comforts Jerusalem, as a Mother Comforts Her Child"
Lectionary,Isaiah,21st Sunday in Ordinary Time,Isa 66:18-21,Sunday Reading,123,C,Gathering of All Nations in Jerusalem
Lectionary,Jeremiah,4th Sunday in Ordinary Time,"Jer 1:4-5, 17-19",Sunday Reading,72,C,Call of the Prophet Jeremiah
Lectionary,Jeremiah,"June 24: Nativity of St. John the Baptist, Vigil",Jer 1:4-10,Solemnities & Feasts,586,,Call of the Prophet Jeremiah
Lectionary,Jeremiah,6th Sunday in Ordinary Time,Jer 17:5-8,Sunday Reading,78,C,Trusting in Human Beings vs. Trusting in the Lord
Lectionary,Jeremiah,22nd Sunday in Ordinary Time,Jer 20:7-9,Sunday Reading,124,A,Jeremiah’s Interior Crisis and Anguish
Lectionary,Jeremiah,12th Sunday in Ordinary Time,Jer 20:10-13,Sunday Reading,94,A,Jeremiah’s Interior Crisis and God’s Protection
Lectionary,Jeremiah,16th Sunday in Ordinary Time,Jer 23:1-6,Sunday Reading,107,B,Bad Shepherds vs. Good Shepherds
Lectionary,Jeremiah,30th Sunday in Ordinary Time,Jer 31:7-9,Sunday Reading,149,B,Lord Will Restore the Remnant of Israel
Lectionary,Jeremiah,5th Sunday of Lent,Jer 31:31-34,Sunday Reading,35,B,New Covenant Written upon Hearts
Lectionary,Jeremiah,1st Sunday of Advent,Jer 33:14-16,Sunday Reading,3,C,Restoration of Jerusalem through David’s Son
Lectionary,Jeremiah,20th Sunday in Ordinary Time,"Jer 38:4-6, 8-10",Sunday Reading,120,C,Jeremiah Imprisoned in a Cistern
Lectionary,Baruch,Easter Vigil (6th Reading),"Bar 3:9-15, 32—4:4",Sunday Reading,41,ABC,In Praise of Divine Wisdom
Lectionary,Baruch,2nd Sunday of Advent,Bar 5:1-9,Sunday Reading,6,C,Jerusalem Consoled: Return of Exiles
Lectionary,Ezekiel,14th Sunday in Ordinary Time,Ezek 2:2-5,Sunday Reading,101,B,God Sends the Prophet to a Rebellious Israel
Lectionary,Ezekiel,11th Sunday in Ordinary Time,Ezek 17:22-24,Sunday Reading,92,B,God Plants a Cedar on the Mountains of Israel
Lectionary,Ezekiel,26th Sunday in Ordinary Time,Ezek 18:25-28,Sunday Reading,136,A,Iniquity Leads to Death; Justice Leads to Life
Lectionary,Ezekiel,23rd Sunday in Ordinary Time,Ezek 33:7-9,Sunday Reading,127,A,Prophet as Sentinel for Israel
Lectionary,Ezekiel,34th Sunday in Ord. Time: Christ the King,"Ezek 34:11-12, 15-17",Sunday Reading,160,A,God Himself Will Shepherd the People
Lectionary,Ezekiel,Friday after 2nd Sun after Pentecost: Sacred Heart,Ezek 34:11-16,Sunday Reading,172,C,God Himself Will Shepherd the People
Lectionary,Ezekiel,Easter Vigil (7th Reading),"Ezek 36:16-17a, 18-28",Sunday Reading,41,ABC,New Heart and New Spirit
Lectionary,Ezekiel,Pentecost Sunday: Vigil Mass (Option 3),Ezek 37:1-14,Sunday Reading,62,ABC,Vision of the Dry Bones
Lectionary,Ezekiel,5th Sunday of Lent,Ezek 37:12-14,Sunday Reading,34,A,Vision of the Dry Bones (Conclusion)
Lectionary,Ezekiel,Nov 9: Dedication of the Lateran Basilica in Rome,"Ezek 47:1-2, 8-9, 12",Solemnities & Feasts,671,,Water Flowing from the Temple
Lectionary,Daniel,Sunday after Pentecost: Holy Trinity (Response - note 4),"Dan 3:52, 53, 54, 55",Sunday Reading,164,A,Three Young Men in Furnace Praise God
Lectionary,Daniel,Aug 6: Transfiguration of the Lord,"Dan 7:9-10, 13-14",Solemnities & Feasts,614,,Vision of the Ancient One and the Son of Man
Lectionary,Daniel,34th Sunday in Ord. Time: Christ the King,Dan 7:13-14,Sunday Reading,161,B,Vision of the Coming Son of Man
Lectionary,Daniel,33rd Sunday in Ordinary Time,Dan 12:1-3,Sunday Reading,158,B,"Michael, Defender of God’s People"
Lectionary,Hosea,8th Sunday in Ordinary Time,"Hos 2:16b, 17b, 21-22",Sunday Reading,83,B,Lord Will Espouse Israel Forever
Lectionary,Hosea,10th Sunday in Ordinary Time,Hos 6:3-6,Sunday Reading,88,A,Insincere Conversion vs. True Love and Knowledge of God
Lectionary,Hosea,Friday after 2nd Sun after Pentecost: Sacred Heart,"Hos 11:1, 3-4, 8c-9",Sunday Reading,171,B,"God’s Love for Israel, His Child"
Lectionary,Joel,Pentecost Sunday: Vigil Mass (Option 4),Joel 3:1-5,Sunday Reading,62,ABC,God’s Spirit Poured Out on All People
Lectionary,Amos,26th Sunday in Ordinary Time,"Amos 6:1a, 4-7",Sunday Reading,138,C,Woes against the Rich and Complacent
Lectionary,Amos,15th Sunday in Ordinary Time,Amos 7:12-15,Sunday Reading,104,B,Amaziah Challenges Prophet Amos
Lectionary,Amos,25th Sunday in Ordinary Time,Amos 8:4-7,Sunday Reading,135,C,Warning against Greed and Injustice
Lectionary,Jonah,3rd Sunday in Ordinary Time,"Jonah 3:1-5, 10",Sunday Reading,68,B,Jonah Preaches in Nineveh
Lectionary,Micah,4th Sunday of Advent,Mic 5:1-4a,Sunday Reading,12,C,Israel’s Ruler from Clan of Bethlehem
Lectionary,Habakkuk,27th Sunday in Ordinary Time,Hab 1:2-3; 2:2-4,Sunday Reading,141,C,Prophet’s Complaint and God’s Answer
Lectionary,Zephaniah,4th Sunday in Ordinary Time,Zeph 2:3; 3:12-13,Sunday Reading,70,A,Lord’s Remnant on Day of Judgment
Lectionary,Zephaniah,3rd Sunday of Advent,Zeph 3:14-18a,Sunday Reading,9,C,Rejoicing at the Lord’s Presence
Lectionary,Zechariah,14th Sunday in Ordinary Time,Zech 9:9-10,Sunday Reading,100,A,"Rejoice, Jerusalem, Your King Shall Proclaim Peace"
Lectionary,Zechariah,12th Sunday in Ordinary Time,Zech 12:10-11; 13:1,Sunday Reading,96,C,Jerusalem Shall Mourn for the One Whom They Have Pierced
Lectionary,Malachi,31st Sunday in Ordinary Time,"Mal 1:14b—2:2b, 8-10",Sunday Reading,151,A,Curses upon Wicked Priests and Levites
Lectionary,Malachi,Feb 2: Presentation of the Lord,Mal 3:1-4,Solemnities & Feasts,524,,Messenger of the Covenant Prepares God’s Way
Lectionary,Malachi,33rd Sunday in Ordinary Time,Mal 3:19-20a,Sunday Reading,159,C,Evildoers Will Perish; Godfearers Will Be Rewarded
Divine Office,Genesis,OR: Sept. 8: Birth of Mary,Gen 3:9-20,LOTH: OR,,,4.1368
Divine Office,Exodus,OR: Thursday after Ash Wednesday,Exod 1:1-22,LOTH: OR,,,2.58
Divine Office,Exodus,"OR: Dec. 28: Holy Innocents, Martyrs","Exod 1:8-16, 22",LOTH: OR,,,1.1277
Divine Office,Exodus,OR: Friday after Ash Wednesday,Exod 2:1-22; 18:4,LOTH: OR,,,2.66
Divine Office,Exodus,OR: Saturday after Ash Wednesday,Exod 3:1-20,LOTH: OR,,,2.75
Divine Office,Exodus,OR: 1st Sunday of Lent,Exod 5:1—6:1,LOTH: OR,,,2.84
Divine Office,Exodus,"OR: 1st Week of Lent, Monday",Exod 6:2-13,LOTH: OR,,,2.94
Divine Office,Exodus,"OR: 1st Week of Lent, Tuesday",Exod 6:29—7:25,LOTH: OR,,,2.102
Divine Office,Exodus,"OR: 1st Week of Lent, Wednesday",Exod 10:21—11:10,LOTH: OR,,,2.111
Divine Office,Exodus,"OR: 1st Week of Lent, Thursday",Exod 12:1-20,LOTH: OR,,,2.12
Divine Office,Exodus,"OR: 1st Week of Lent, Friday",Exod 12:21-36,LOTH: OR,,,2.129
Divine Office,Exodus,"OR: 1st Week of Lent, Saturday",Exod 12:37-49; 13:11-16,LOTH: OR,,,2.137
Divine Office,Exodus,OR: Feb. 2: Presentation of the Lord,"Exod 13:1-3a, 11-16",LOTH: OR,,,3.1348
Divine Office,Exodus,OR: 2nd Sunday of Lent,Exod 13:17—14:9,LOTH: OR,,,2.147
Divine Office,Exodus,"OR: 2nd Week of Lent, Monday",Exod 14:10-31,LOTH: OR,,,2.157
Divine Office,Exodus,"OR: Easter Sunday, 1st Reading",Exod 14:15—15:1a,LOTH: OR,,,2.515
Divine Office,Exodus,"OR: 2nd Week of Lent, Tuesday","Exod 16:1-18, 35",LOTH: OR,,,2.166
Divine Office,Exodus,"OR: 2nd Week of Lent, Wednesday",Exod 17:1-16,LOTH: OR,,,2.175
Divine Office,Exodus,"OR: 2nd Week of Lent, Thursday",Exod 18:13-27,LOTH: OR,,,2.184
Divine Office,Exodus,"OR: 2nd Week of Lent, Friday",Exod 19:1-19; 20:18-21,LOTH: OR,,,2.192
Divine Office,Exodus,"OR: 2nd Week of Lent, Saturday",Exod 20:1-17,LOTH: OR,,,2.201
Divine Office,Exodus,OR: 3rd Sunday of Lent,Exod 22:20—23:9,LOTH: OR,,,2.21
Divine Office,Exodus,OR: Thursday after Trinity Sunday: Corpus Christi,Exod 24:1-11,LOTH: OR,,,3.608
Divine Office,Exodus,"OR: 3rd Week of Lent, Monday",Exod 24:1-18,LOTH: OR,,,2.221
Divine Office,Exodus,"OR: 3rd Week of Lent, Tuesday",Exod 32:1-20,LOTH: OR,,,2.229
Divine Office,Exodus,"OR: 3rd Week of Lent, Wednesday","Exod 33:7-11, 18-23; 34:5-9, 29-35",LOTH: OR,,,2.237
Divine Office,Exodus,"OR: 3rd Week of Lent, Thursday",Exod 34:10-28,LOTH: OR,,,2.246
Divine Office,Exodus,"OR: 3rd Week of Lent, Friday",Exod 35:30—36:1; 37:1-9,LOTH: OR,,,2.256
Divine Office,Exodus,"OR: 3rd Week of Lent, Saturday",Exod 40:16-38,LOTH: OR,,,2.264
Divine Office,Leviticus,OR: 4th Sunday of Lent,Lev 8:1-17; 9:22-24,LOTH: OR,,,2.273
Divine Office,Leviticus,"OR: 4th Week of Lent, Monday",Lev 16:2-28,LOTH: OR,,,2.283
Divine Office,Leviticus,"OR: 4th Week of Lent, Tuesday","Lev 19:1-18, 31-37",LOTH: OR,,,2.293
Divine Office,Numbers,"OR: 4th Week of Lent, Wednesday","Num 11:4-6, 10-30",LOTH: OR,,,2.301
Divine Office,Numbers,"OR: 4th Week of Lent, Thursday","Num 12:16—13:3, 17-33",LOTH: OR,,,2.311
Divine Office,Numbers,"OR: 4th Week of Lent, Friday",Num 14:1-25,LOTH: OR,,,2.32
Divine Office,Numbers,"OR: 4th Week of Lent, Saturday",Num 20:1-13; 21:4-9,LOTH: OR,,,2.328
Divine Office,Deuteronomy,OR: 2nd Sunday in Ord. Time,"Deut 1:1, 6-18",LOTH: OR,,,3.78
Divine Office,Deuteronomy,"OR: 2nd Week in Ord. Time, Monday","Deut 4:1-8, 32-40",LOTH: OR,,,3.82
Divine Office,Deuteronomy,"OR: 2nd Week in Ord. Time, Tuesday",Deut 6:4-25,LOTH: OR,,,3.86
Divine Office,Deuteronomy,"OR: 2nd Week in Ord. Time, Wednesday",Deut 7:6-14; 8:1-6,LOTH: OR,,,3.9
Divine Office,Deuteronomy,"OR: 2nd Week in Ord. Time, Thursday","Deut 9:7-21, 25-29",LOTH: OR,,,3.94
Divine Office,Deuteronomy,"OR: 2nd Week in Ord. Time, Friday","Deut 10:12—11:9, 26-28",LOTH: OR,,,3.98
Divine Office,Deuteronomy,"OR: 2nd Week in Ord. Time, Saturday",Deut 16:1-17,LOTH: OR,,,3.103
Divine Office,Deuteronomy,OR: 3rd Sunday in Ord. Time,Deut 18:1-22,LOTH: OR,,,3.108
Divine Office,Deuteronomy,"OR: 3rd Week in Ord. Time, Monday",Deut 24:1—25:4,LOTH: OR,,,3.113
Divine Office,Deuteronomy,"OR: 3rd Week in Ord. Time, Tuesday",Deut 26:1-19,LOTH: OR,,,3.118
Divine Office,Deuteronomy,"OR: 3rd Week in Ord. Time, Wednesday","Deut 29:1-5, 9-28",LOTH: OR,,,3.122
Divine Office,Deuteronomy,"OR: 3rd Week in Ord. Time, Thursday",Deut 30:1-20,LOTH: OR,,,3.127
Divine Office,Deuteronomy,"OR: 3rd Week in Ord. Time, Friday","Deut 31:1-15, 23",LOTH: OR,,,3.131
Divine Office,Deuteronomy,"OR: 3rd Week in Ord. Time, Saturday",Deut 32:48-52; 34:1-12,LOTH: OR,,,3.135
Divine Office,Joshua,"OR: 10th Week in Ord. Time, Monday",Josh 1:1-18,LOTH: OR,,,3.322
Divine Office,Joshua,"OR: 10th Week in Ord. Time, Tuesday",Josh 2:1-24,LOTH: OR,,,3.326
Divine Office,Joshua,"OR: 10th Week in Ord. Time, Wednesday",Josh 3:1-17; 4:14-19; 5:10-12,LOTH: OR,,,3.331
Divine Office,Joshua,"OR: 10th Week in Ord. Time, Thursday",Josh 5:13—6:21,LOTH: OR,,,3.336
Divine Office,Joshua,"OR: 10th Week in Ord. Time, Friday",Josh 10:1-4; 11:15-17,LOTH: OR,,,3.34
Divine Office,Joshua,"OR: 10th Week in Ord. Time, Saturday","Josh 24:1-7, 13-28",LOTH: OR,,,3.345
Divine Office,Judges,OR: 11th Sunday in Ord. Time,Judg 2:6—3:4,LOTH: OR,,,3.35
Divine Office,Judges,"OR: 11th Week in Ord. Time, Monday",Judg 4:1-24,LOTH: OR,,,3.355
Divine Office,Judges,"OR: 11th Week in Ord. Time, Tuesday","Judg 6:1-6, 11-24a",LOTH: OR,,,3.36
Divine Office,Judges,"OR: 11th Week in Ord. Time, Wednesday","Judg 6:33-40; 7:1-8, 16-22a",LOTH: OR,,,3.364
Divine Office,Judges,"OR: 11th Week in Ord. Time, Thursday","Judg 8:22-23, 30-32; 9:1-15, 19-20",LOTH: OR,,,3.369
Divine Office,Judges,"OR: 11th Week in Ord. Time, Friday",Judg 13:1-25,LOTH: OR,,,3.373
Divine Office,Judges,"OR: 11th Week in Ord. Time, Saturday","Judg 16:4-6, 16-31",LOTH: OR,,,3.378
Divine Office,1 Samuel,OR: 12th Sunday in Ord. Time,1 Sam 16:1-13,LOTH: OR,,,3.384
Divine Office,1 Samuel,"OR: 12th Week in Ord. Time, Monday","1 Sam 17:1-10, 32, 38-51",LOTH: OR,,,3.388
Divine Office,1 Samuel,"OR: 12th Week in Ord. Time, Tuesday","1 Sam 17:57—18:9, 20-30",LOTH: OR,,,3.393
Divine Office,1 Samuel,"OR: 12th Week in Ord. Time, Wednesday",1 Sam 19:8-10; 20:1-17,LOTH: OR,,,3.397
Divine Office,1 Samuel,"OR: 12th Week in Ord. Time, Thursday",1 Sam 21:2-10; 22:1-5,LOTH: OR,,,3.401
Divine Office,1 Samuel,"OR: 12th Week in Ord. Time, Saturday","1 Sam 25:14-24, 28-39",LOTH: OR,,,3.405
Divine Office,1 Samuel,OR: 13th Sunday in Ord. Time,1 Sam 26:5-25,LOTH: OR,,,3.41
Divine Office,1 Samuel,"OR: 13th Week in Ord. Time, Monday",1 Sam 28:3-25,LOTH: OR,,,3.415
Divine Office,1 Samuel,"OR: 13th Week in Ord. Time, Tuesday",1 Sam 31:1-4; 2 Sam 1:1-16,LOTH: OR,,,3.42
Divine Office,2 Samuel,"OR: 13th Week in Ord. Time, Wednesday",2 Sam 2:1-11; 3:1-5,LOTH: OR,,,3.425
Divine Office,2 Samuel,"OR: 13th Week in Ord. Time, Thursday",2 Sam 4:2—5:7,LOTH: OR,,,3.429
Divine Office,2 Samuel,"OR: 13th Week in Ord. Time, Friday",2 Sam 6:1-23,LOTH: OR,,,3.433
Divine Office,2 Samuel,"OR: 13th Week in Ord. Time, Saturday",2 Sam 7:1-25,LOTH: OR,,,3.438
Divine Office,2 Samuel,OR: 14th Sunday in Ord. Time,"2 Sam 11:1-17, 26-27",LOTH: OR,,,3.442
Divine Office,2 Samuel,"OR: 14th Week in Ord. Time, Monday",2 Sam 12:1-25,LOTH: OR,,,3.447
Divine Office,2 Samuel,"OR: 12th Week in Ord. Time, Friday","2 Sam 15:7-14, 24-30; 16:5-13",LOTH: OR,,,3.403
Divine Office,2 Samuel,"OR: 14th Week in Ord. Time, Tuesday","2 Sam 18:6-17, 24—19:5",LOTH: OR,,,3.457
Divine Office,2 Samuel,"OR: 14th Week in Ord. Time, Wednesday","2 Sam 24:1-4, 10-18, 24b-25",LOTH: OR,,,3.462
Divine Office,1 Kings,"OR: 14th Week in Ord. Time, Friday",1 Kgs 1:11-35; 2:10-12,LOTH: OR,,,3.471
Divine Office,1 Kings,OR: Common of the Dedication of a Church (Lent),"1 Kgs 8:1-4, 10-13, 22-23",LOTH: OR,,,2.1888
Divine Office,1 Kings,OR: 15th Sunday in Ord. Time,1 Kgs 16:29—17:16,LOTH: OR,,,3.48
Divine Office,1 Kings,"OR: 15th Week in Ord. Time, Monday",1 Kgs 18:16b-40,LOTH: OR,,,3.485
Divine Office,1 Kings,"OR: 15th Week in Ord. Time, Tuesday","1 Kgs 19:1-9a, 11-21",LOTH: OR,,,3.489
Divine Office,1 Kings,"OR: 15th Week in Ord. Time, Wednesday","1 Kgs 21:1-21, 27-29",LOTH: OR,,,3.494
Divine Office,1 Kings,"OR: 15th Week in Ord. Time, Thursday","1 Kgs 22:1-9, 15-23, 29, 34-38",LOTH: OR,,,3.499
Divine Office,2 Kings,"OR: 15th Week in Ord. Time, Saturday",2 Kgs 2:1-15,LOTH: OR,,,3.509
Divine Office,1 Chronicles,OR: March 25: Annunciation,1 Chr 17:1-15,LOTH: OR,,,2.1743
Divine Office,1 Chronicles,OR: Common of the Blessed Virgin Mary (Advent/Christmas/Lent),1 Chr 17:1-15,LOTH: OR,,,1.1330; 2.1922
Divine Office,1 Chronicles,"OR: 14th Week in Ord. Time, Thursday",1 Chr 22:5-19,LOTH: OR,,,3.467
Divine Office,2 Chronicles,"OR: 15th Week in Ord. Time, Friday","2 Chr 20:1-9, 13-24",LOTH: OR,,,3.504
Divine Office,Esther,OR: 29th Sunday in Ord. Time,"Est 1:1-3, 9, 13, 15-16, 19; 2:5-10, 16-17",LOTH: OR,,,4.405
Divine Office,Esther,"OR: 29th Week in Ord. Time, Monday",Est 3:1-15,LOTH: OR,,,4.41
Divine Office,Esther,"OR: 29th Week in Ord. Time, Tuesday",Est 4:1-16,LOTH: OR,,,4.414
Divine Office,Esther,"OR: 29th Week in Ord. Time, Thursday",Est 5:1-5; 7:1-10,LOTH: OR,,,4.423
Divine Office,Esther,"OR: 29th Week in Ord. Time, Wednesday",Est 14:1-19,LOTH: OR,,,4.419
Divine Office,1 Maccabees,OR: 31st Sunday in Ord. Time,1 Macc 1:1-24,LOTH: OR,,,4.468
Divine Office,1 Maccabees,"OR: 31st Week in Ord. Time, Monday",1 Macc 1:43-63,LOTH: OR,,,4.473
Divine Office,1 Maccabees,"OR: 31st Week in Ord. Time, Tuesday","1 Macc 2:1, 15-28, 42-50, 65-70",LOTH: OR,,,4.477
Divine Office,1 Maccabees,"OR: 31st Week in Ord. Time, Wednesday",1 Macc 3:1-26,LOTH: OR,,,4.482
Divine Office,1 Maccabees,"OR: 31st Week in Ord. Time, Thursday",1 Macc 4:36-59,LOTH: OR,,,4.486
Divine Office,1 Maccabees,"OR: 31st Week in Ord. Time, Saturday",1 Macc 9:1-22,LOTH: OR,,,4.495
Divine Office,2 Maccabees,"OR: 31st Week in Ord. Time, Friday",2 Macc 12:32-46,LOTH: OR,,,4.489
Divine Office,Job,OR: 8th Sunday in Ord. Time,Job 1:1-22,LOTH: OR,,,3.258
Divine Office,Job,"OR: 8th Week in Ord. Time, Monday",Job 2:1-13,LOTH: OR,,,3.263
Divine Office,Job,"OR: 8th Week in Ord. Time, Tuesday",Job 3:1-26,LOTH: OR,,,3.266
Divine Office,Job,"OR: 8th Week in Ord. Time, Wednesday",Job 7:1-21,LOTH: OR,,,3.271
Divine Office,Job,"OR: 8th Week in Ord. Time, Thursday",Job 11:1-20,LOTH: OR,,,3.275
Divine Office,Job,"OR: 8th Week in Ord. Time, Friday",Job 12:1-25,LOTH: OR,,,3.279
Divine Office,Job,"OR: 8th Week in Ord. Time, Saturday",Job 13:13—14:6,LOTH: OR,,,3.283
Divine Office,Job,OR: 9th Sunday in Ord. Time,Job 28:1-28,LOTH: OR,,,3.288
Divine Office,Job,"OR: 9th Week in Ord. Time, Monday","Job 29:1-10; 30:1, 9-23",LOTH: OR,,,3.293
Divine Office,Job,"OR: 9th Week in Ord. Time, Tuesday","Job 31:1-8, 13-23, 35-37",LOTH: OR,,,3.297
Divine Office,Job,"OR: 9th Week in Ord. Time, Wednesday",Job 32:1-6; 33:1-22,LOTH: OR,,,3.301
Divine Office,Job,"OR: 9th Week in Ord. Time, Thursday",Job 38:1-30,LOTH: OR,,,3.306
Divine Office,Job,"OR: 9th Week in Ord. Time, Friday",Job 40:1-14; 42:1-6,LOTH: OR,,,3.31
Divine Office,Job,"OR: 9th Week in Ord. Time, Saturday",Job 42:7-17,LOTH: OR,,,3.314
Divine Office,Proverbs,OR: 6th Sunday in Ord. Time,"Prov 1:1-7, 20-33",LOTH: OR,,,3.197
Divine Office,Proverbs,"OR: 6th Week in Ord. Time, Monday",Prov 3:1-20,LOTH: OR,,,3.201
Divine Office,Proverbs,"OR: 6th Week in Ord. Time, Tuesday","Prov 8:1-5, 12-36",LOTH: OR,,,3.205
Divine Office,Proverbs,"OR: 6th Week in Ord. Time, Wednesday",Prov 9:1-18,LOTH: OR,,,3.209
Divine Office,Proverbs,"OR: 6th Week in Ord. Time, Thursday",Prov 10:6-32,LOTH: OR,,,3.213
Divine Office,Proverbs,"OR: 6th Week in Ord. Time, Friday","Prov 15:8-9,16-17,25-26,29,33; 16:1-9; 17:5",LOTH: OR,,,3.218
Divine Office,Proverbs,"OR: 6th Week in Ord. Time, Saturday",Prov 31:10-31,LOTH: OR,,,3.222
Divine Office,Proverbs,"OR: Common of Holy Women, alt. reading, For a married woman",Prov 31:10-31,LOTH: OR,,,1.1535; 2.2175; 3.1839; 4.1853
Divine Office,Ecclesiastes,OR: 7th Sunday in Ord. Time,Eccl 1:1-18,LOTH: OR,,,3.227
Divine Office,Ecclesiastes,"OR: 7th Week in Ord. Time, Monday","Eccl 2:1-3, 12b-26",LOTH: OR,,,3.232
Divine Office,Ecclesiastes,"OR: 7th Week in Ord. Time, Tuesday",Eccl 3:1-22,LOTH: OR,,,3.236
Divine Office,Ecclesiastes,"OR: 7th Week in Ord. Time, Wednesday",Eccl 5:9—6:8,LOTH: OR,,,3.24
Divine Office,Ecclesiastes,"OR: 7th Week in Ord. Time, Thursday",Eccl 6:12—7:28,LOTH: OR,,,3.244
Divine Office,Ecclesiastes,"OR: 7th Week in Ord. Time, Friday",Eccl 8:5—9:10,LOTH: OR,,,3.248
Divine Office,Ecclesiastes,"OR: 7th Week in Ord. Time, Saturday",Eccl 11:7—12:4,LOTH: OR,,,3.253
Divine Office,Song of Songs,OR: May 31: Visitation,Song 2:8-14; 8:6-7,LOTH: OR,,,2.1844; 3.1436
Divine Office,Wisdom,OR: 30th Sunday in Ord. Time,Wis 1:1-15,LOTH: OR,,,4.437
Divine Office,Wisdom,"OR: 30th Week in Ord. Time, Monday","Wis 1:16—2:1a, 10-24",LOTH: OR,,,4.441
Divine Office,Wisdom,OR: Common of Several Martyrs (Advent/Christmas/Lent),Wis 3:1-15,LOTH: OR,,,1.1379; 2.1981
Divine Office,Wisdom,"OR: 30th Week in Ord. Time, Tuesday",Wis 3:1-19,LOTH: OR,,,4.446
Divine Office,Wisdom,OR: Common of Holy Men (Advent/Christmas/Lent),Wis 5:1-15,LOTH: OR,,,1.1503; 2.2138
Divine Office,Wisdom,"OR: 30th Week in Ord. Time, Wednesday",Wis 6:1-25,LOTH: OR,,,4.45
Divine Office,Wisdom,OR: Common of Doctors of the Church (Advent/Christmas/Lent),"Wis 7:7-16, 22b-30",LOTH: OR,,,1.1458; 2.2086
Divine Office,Wisdom,"OR: 30th Week in Ord. Time, Thursday",Wis 7:15-30,LOTH: OR,,,4.454
Divine Office,Wisdom,"OR: 30th Week in Ord. Time, Friday",Wis 8:1-21b,LOTH: OR,,,4.459
Divine Office,Wisdom,"OR: 30th Week in Ord. Time, Saturday","Wis 11:20b—12:2, 11b-19",LOTH: OR,,,4.463
Divine Office,Sirach,"OR: 1st Week in Ord. Time, Monday",Sir 1:1-18,LOTH: OR,,,3.53
Divine Office,Sirach,"OR: 1st Week in Ord. Time, Tuesday",Sir 11:12-28,LOTH: OR,,,3.57
Divine Office,Sirach,"OR: 1st Week in Ord. Time, Wednesday",Sir 24:1-22,LOTH: OR,,,3.6
Divine Office,Sirach,OR: Common of Doctors of the Church (Ordinary Time),Sir 39:1-10,LOTH: OR,,,3.1763; 4.1777
Divine Office,Sirach,"OR: 1st Week in Ord. Time, Thursday",Sir 42:15—43:12,LOTH: OR,,,3.65
Divine Office,Sirach,"OR: 1st Week in Ord. Time, Friday",Sir 43:13-35,LOTH: OR,,,3.69
Divine Office,Sirach,"OR: 1st Week in Ord. Time, Saturday","Sir 44:1-2, 16a-45:5",LOTH: OR,,,3.73
Divine Office,Sirach,OR: 10th Sunday in Ord. Time,Sir 46:1-10,LOTH: OR,,,3.318
Divine Office,Sirach,"OR: 14th Week in Ord. Time, Saturday",Sir 47:12-25,LOTH: OR,,,3.475
Divine Office,Sirach,OR: Common of One Martyr (Advent/Christmas/Lent),Sir 51:1-12,LOTH: OR,,,1.1405; 2.2019
Divine Office,Isaiah,OR: 1st Sunday of Advent,Isa 1:1-18,LOTH: OR,,,1.139
Divine Office,Isaiah,OR: 1st Week of Advent: Monday,Isa 1:21-27; 2:1-5,LOTH: OR,,,1.15
Divine Office,Isaiah,OR: 1st Week of Advent: Tuesday,Isa 2:6-22; 4:2-6,LOTH: OR,,,1.158
Divine Office,Isaiah,"OR: 20th Week in Ord. Time, Monday",Isa 3:1-15,LOTH: OR,,,4.123
Divine Office,Isaiah,OR: 1st Week of Advent: Wednesday,Isa 5:1-7,LOTH: OR,,,1.167
Divine Office,Isaiah,OR: 20th Sunday in Ord. Time,Isa 6:1-13,LOTH: OR,,,4.118
Divine Office,Isaiah,"OR: 20th Week in Ord. Time, Tuesday",Isa 7:1-17,LOTH: OR,,,4.128
Divine Office,Isaiah,OR: Common of the Blessed Virgin Mary (Ordinary Time),Isa 7:10-14; 8:10b; 11:1-9,LOTH: OR,,,3.1618; 4.1632
Divine Office,Isaiah,"OR: 20th Week in Ord. Time, Wednesday",Isa 9:7—10:4,LOTH: OR,,,4.131
Divine Office,Isaiah,OR: Dec. 25: Christmas,Isa 11:1-10,LOTH: OR,,,1.403
Divine Office,Isaiah,"OR: 20th Week in Ord. Time, Thursday",Isa 11:1-16,LOTH: OR,,,4.136
Divine Office,Isaiah,OR: 1st Week of Advent: Thursday,Isa 16:1-5; 17:4-8,LOTH: OR,,,1.175
Divine Office,Isaiah,OR: 1st Week of Advent: Friday,Isa 19:16-25,LOTH: OR,,,1.183
Divine Office,Isaiah,OR: 1st Week of Advent: Saturday,Isa 21:6-12,LOTH: OR,,,1.19
Divine Office,Isaiah,OR: 2nd Sunday of Advent,Isa 22:8b-23,LOTH: OR,,,1.2
Divine Office,Isaiah,OR: 2nd Week of Advent: Monday,Isa 24:1-18,LOTH: OR,,,1.209
Divine Office,Isaiah,OR: 2nd Week of Advent: Tuesday,Isa 24:19—25:5,LOTH: OR,,,1.218
Divine Office,Isaiah,OR: 2nd Week of Advent: Wednesday,Isa 25:6—26:6,LOTH: OR,,,1.225
Divine Office,Isaiah,OR: 2nd Week of Advent: Thursday,Isa 26:7-21,LOTH: OR,,,1.233
Divine Office,Isaiah,OR: 2nd Week of Advent: Friday,Isa 27:1-13,LOTH: OR,,,1.242
Divine Office,Isaiah,OR: 2nd Week of Advent: Saturday,Isa 29:1-8,LOTH: OR,,,1.25
Divine Office,Isaiah,OR: 3rd Sunday of Advent,Isa 29:13-24,LOTH: OR,,,1.259
Divine Office,Isaiah,"OR: 20th Week in Ord. Time, Friday",Isa 30:1-18,LOTH: OR,,,4.14
Divine Office,Isaiah,OR: 3rd Week of Advent: Monday,Isa 30:18-26,LOTH: OR,,,1.269
Divine Office,Isaiah,OR: 3rd Week of Advent: Tuesday,Isa 30:27-33; 31:4-9,LOTH: OR,,,1.277
Divine Office,Isaiah,OR: 3rd Week of Advent: Wednesday,Isa 31:1-3; 32:1-8,LOTH: OR,,,1.285
Divine Office,Isaiah,OR: 3rd Week of Advent: Thursday,Isa 32:15—33:6,LOTH: OR,,,1.293
Divine Office,Isaiah,OR: 3rd Week of Advent: Friday,Isa 33:7-24,LOTH: OR,,,1.3
Divine Office,Isaiah,"OR: 20th Week in Ord. Time, Saturday",Isa 37:21-35,LOTH: OR,,,4.145
Divine Office,Isaiah,OR: From Jan. 2 to Epiphany: Friday,Isa 42:1-8,LOTH: OR,,,1.533
Divine Office,Isaiah,OR: Sun. after Jan. 6: Baptism of the Lord,Isa 42:1-9; 49:1-9,LOTH: OR,,,1.631
Divine Office,Isaiah,OR: 46008,Isa 45:1-13,LOTH: OR,,,1.318
Divine Office,Isaiah,OR: 46009,Isa 46:1-13,LOTH: OR,,,1.326
Divine Office,Isaiah,OR: 46010,"Isa 47:1, 3b-15",LOTH: OR,,,1.334
Divine Office,Isaiah,OR: 46011,Isa 48:1-11,LOTH: OR,,,1.343
Divine Office,Isaiah,OR: 46012,Isa 48:12-21; 49:9b-13,LOTH: OR,,,1.351
Divine Office,Isaiah,OR: 46013,Isa 49:14—50:1,LOTH: OR,,,1.359
Divine Office,Isaiah,OR: 46014,Isa 51:1-11,LOTH: OR,,,1.368
Divine Office,Isaiah,OR: 46015,"Isa 51:17—52:2, 7-10",LOTH: OR,,,1.377
Divine Office,Isaiah,OR: Ash Wednesday,Isa 58:1-12,LOTH: OR,,,2.49
Divine Office,Isaiah,OR: Jan. 6 or Sunday between Jan. 2-8: Epiphany,Isa 60:1-22,LOTH: OR,,,1.557
Divine Office,Isaiah,OR: From Jan. 2 to Epiphany: Saturday,Isa 61:1-11,LOTH: OR,,,1.539
Divine Office,Isaiah,OR: After Epiphany to the Baptism of the Lord: Monday,Isa 61:1-11,LOTH: OR,,,1.575
Divine Office,Isaiah,OR: After Epiphany to the Baptism of the Lord: Tuesday,Isa 62:1-12,LOTH: OR,,,1.584
Divine Office,Isaiah,OR: After Epiphany to the Baptism of the Lord: Thursday,Isa 63:19b—64:11,LOTH: OR,,,1.601
Divine Office,Isaiah,OR: After Epiphany to the Baptism of the Lord: Wednesday,Isa 63:7-19,LOTH: OR,,,1.593
Divine Office,Isaiah,OR: After Epiphany to the Baptism of the Lord: Friday,Isa 65:13-25,LOTH: OR,,,1.609
Divine Office,Isaiah,OR: After Epiphany to the Baptism of the Lord: Saturday,"Isa 66:10-14, 18-23",LOTH: OR,,,1.618
Divine Office,Jeremiah,"OR: 21st Week in Ord. Time, Tuesday",Jer 1:1-19,LOTH: OR,,,4.16
Divine Office,Jeremiah,OR: June 24: Birth of John the Baptist,"Jer 1:4-10, 17-19",LOTH: OR,,,3.1486
Divine Office,Jeremiah,"OR: 21st Week in Ord. Time, Wednesday","Jer 2:1-13, 20-25",LOTH: OR,,,4.164
Divine Office,Jeremiah,"OR: 21st Week in Ord. Time, Thursday","Jer 3:1-5, 19—4:4",LOTH: OR,,,4.17
Divine Office,Jeremiah,"OR: 21st Week in Ord. Time, Friday","Jer 4:5-8, 13-28",LOTH: OR,,,4.175
Divine Office,Jeremiah,"OR: 21st Week in Ord. Time, Saturday",Jer 7:1-20,LOTH: OR,,,4.18
Divine Office,Jeremiah,OR: 22nd Sunday in Ord. Time,Jer 11:18-20; 12:1-13,LOTH: OR,,,4.185
Divine Office,Jeremiah,"OR: 22nd Week in Ord. Time, Monday","Jer 19:1-5, 10—20:6",LOTH: OR,,,4.191
Divine Office,Jeremiah,"OR: 22nd Week in Ord. Time, Tuesday",Jer 20:7-18,LOTH: OR,,,4.195
Divine Office,Jeremiah,"OR: 22nd Week in Ord. Time, Wednesday",Jer 26:1-15,LOTH: OR,,,4.199
Divine Office,Jeremiah,"OR: 22nd Week in Ord. Time, Thursday",Jer 29:1-14,LOTH: OR,,,4.204
Divine Office,Jeremiah,"OR: 22nd Week in Ord. Time, Friday",Jer 30:18—31:19,LOTH: OR,,,4.208
Divine Office,Jeremiah,"OR: 22nd Week in Ord. Time, Saturday","Jer 31:15-22, 27-34",LOTH: OR,,,4.213
Divine Office,Jeremiah,OR: 23rd Sunday in Ord. Time,Jer 37:21; 38:14-28,LOTH: OR,,,4.218
Divine Office,Jeremiah,"OR: 23rd Week in Ord. Time, Monday",Jer 42:1-46; 43:4-7,LOTH: OR,,,4.223
Divine Office,Lamentations,"OR: 23rd Week in Ord. Time, Thursday","Lam 1:1-12, 18-20",LOTH: OR,,,4.237
Divine Office,Lamentations,"OR: 23rd Week in Ord. Time, Friday",Lam 3:1-33,LOTH: OR,,,4.243
Divine Office,Lamentations,"OR: 23rd Week in Ord. Time, Saturday",Lam 5:1-22,LOTH: OR,,,4.248
Divine Office,Baruch,"OR: 29th Week in Ord. Time, Friday",Bar 1:14—2:5; 3:1-8,LOTH: OR,,,4.427
Divine Office,Baruch,"OR: 29th Week in Ord. Time, Saturday","Bar 3:9-15, 24—4:4",LOTH: OR,,,4.431
Divine Office,Ezekiel,OR: 24th Sunday in Ord. Time,"Ezek 1:3-13, 22-28",LOTH: OR,,,4.252
Divine Office,Ezekiel,"OR: 24th Week in Ord. Time, Monday","Ezek 2:8—3:11, 17-21",LOTH: OR,,,4.256
Divine Office,Ezekiel,"OR: 24th Week in Ord. Time, Tuesday","Ezek 8:1-6, 16—9:11",LOTH: OR,,,4.26
Divine Office,Ezekiel,"OR: 24th Week in Ord. Time, Wednesday",Ezek 10:18-22; 11:14-25,LOTH: OR,,,4.265
Divine Office,Ezekiel,"OR: 24th Week in Ord. Time, Thursday",Ezek 12:1-6,LOTH: OR,,,4.269
Divine Office,Ezekiel,"OR: 24th Week in Ord. Time, Friday","Ezek 16:3, 5b-7a, 8-15, 35, 37a, 40-43, 59-63",LOTH: OR,,,4.273
Divine Office,Ezekiel,"OR: 24th Week in Ord. Time, Saturday","Ezek 18:1-13, 20-32",LOTH: OR,,,4.278
Divine Office,Ezekiel,OR: 25th Sunday in Ord. Time,Ezek 24:15-27,LOTH: OR,,,4.283
Divine Office,Ezekiel,"OR: 25th Week in Ord. Time, Monday","Ezek 34:1-6, 11-16, 23-31",LOTH: OR,,,4.287
Divine Office,Ezekiel,"OR: Easter Sunday, 2nd Reading",Ezek 36:16-28,LOTH: OR,,,2.518
Divine Office,Ezekiel,"OR: 25th Week in Ord. Time, Tuesday",Ezek 36:16-36,LOTH: OR,,,4.292
Divine Office,Ezekiel,"OR: 25th Week in Ord. Time, Wednesday",Ezek 37:1-14,LOTH: OR,,,4.296
Divine Office,Ezekiel,"OR: 25th Week in Ord. Time, Thursday",Ezek 37:15-28,LOTH: OR,,,4.3
Divine Office,Ezekiel,"OR: 25th Week in Ord. Time, Friday",Ezek 40:1-4; 43:1-12; 44:6-9,LOTH: OR,,,4.304
Divine Office,Ezekiel,"OR: 25th Week in Ord. Time, Saturday",Ezek 47:1-12,LOTH: OR,,,4.309
Divine Office,Daniel,OR: 32nd Sunday in Ord. Time,Dan 1:1-21,LOTH: OR,,,4.5
Divine Office,Daniel,"OR: 32nd Week in Ord. Time, Monday",Dan 2:26-47,LOTH: OR,,,4.505
Divine Office,Daniel,"OR: 32nd Week in Ord. Time, Tuesday","Dan 3:8-12, 19-24, 91-97",LOTH: OR,,,4.51
Divine Office,Daniel,"OR: 32nd Week in Ord. Time, Wednesday","Dan 5:1-2, 5-9, 13-17, 25—6:1",LOTH: OR,,,4.514
Divine Office,Daniel,"OR: 32nd Week in Ord. Time, Thursday","Dan 9:1-4a, 18-27",LOTH: OR,,,4.518
Divine Office,Daniel,"OR: 32nd Week in Ord. Time, Friday",Dan 10:1-21,LOTH: OR,,,4.523
Divine Office,Daniel,"OR: 32nd Week in Ord. Time, Saturday",Dan 12:1-13,LOTH: OR,,,4.527
Divine Office,Hosea,"OR: 18th Week in Ord. Time, Thursday",Hos 1:1-9; 3:1-5,LOTH: OR,,,4.73
Divine Office,Hosea,"OR: 18th Week in Ord. Time, Friday","Hos 2:4a, 10-25",LOTH: OR,,,4.78
Divine Office,Hosea,"OR: 18th Week in Ord. Time, Saturday",Hos 6:1—7:2,LOTH: OR,,,4.83
Divine Office,Hosea,OR: 19th Sunday in Ord. Time,Hos 11:1-11,LOTH: OR,,,4.88
Divine Office,Hosea,"OR: 19th Week in Ord. Time, Monday",Hos 14:2-10,LOTH: OR,,,4.92
Divine Office,Joel,OR: 33rd Sunday in Ord. Time,Joel 2:21—3:5,LOTH: OR,,,4.533
Divine Office,Joel,"OR: 33rd Week in Ord. Time, Monday",Joel 4:1-3; 9-21,LOTH: OR,,,4.538
Divine Office,Amos,OR: 18th Sunday in Ord. Time,Amos 1:1—2:3,LOTH: OR,,,4.53
Divine Office,Amos,"OR: 18th Week in Ord. Time, Monday",Amos 2:4-16,LOTH: OR,,,4.59
Divine Office,Amos,"OR: 18th Week in Ord. Time, Tuesday",Amos 7:1-17,LOTH: OR,,,4.63
Divine Office,Amos,"OR: 18th Week in Ord. Time, Wednesday",Amos 9:1-15,LOTH: OR,,,4.68
Divine Office,Micah,"OR: 19th Week in Ord. Time, Tuesday",Mic 3:1-12,LOTH: OR,,,4.96
Divine Office,Micah,"OR: 19th Week in Ord. Time, Thursday",Mic 4:14—5:7,LOTH: OR,,,4.104
Divine Office,Micah,"OR: 19th Week in Ord. Time, Wednesday",Mic 4:1-7,LOTH: OR,,,4.101
Divine Office,Micah,"OR: 19th Week in Ord. Time, Friday",Mic 6:1-15,LOTH: OR,,,4.108
Divine Office,Micah,"OR: 19th Week in Ord. Time, Saturday",Mic 7:7-20,LOTH: OR,,,4.113
Divine Office,Habakkuk,"OR: 23rd Week in Ord. Time, Tuesday",Hab 1:1—2:4a,LOTH: OR,,,4.227
Divine Office,Habakkuk,"OR: 23rd Week in Ord. Time, Wednesday",Hab 2:5-20,LOTH: OR,,,4.232
Divine Office,Zephaniah,OR: 21st Sunday in Ord. Time,"Zeph 1:1-7, 14—2:3",LOTH: OR,,,4.15
Divine Office,Zephaniah,"OR: 21st Week in Ord. Time, Monday",Zeph 3:8-20,LOTH: OR,,,4.155
Divine Office,Haggai,OR: 28th Sunday in Ord. Time,Hag 1:1—2:10,LOTH: OR,,,4.37
Divine Office,Haggai,"OR: 28th Week in Ord. Time, Monday",Hag 2:11-24,LOTH: OR,,,4.376
Divine Office,Zechariah,"OR: 28th Week in Ord. Time, Tuesday",Zech 1:1—2:4,LOTH: OR,,,4.38
Divine Office,Zechariah,"OR: 33rd Week in Ord. Time, Wednesday",Zech 10:3—11:3,LOTH: OR,,,4.548
Divine Office,Zechariah,"OR: 33rd Week in Ord. Time, Thursday",Zech 11:4—12:8,LOTH: OR,,,4.552
Divine Office,Zechariah,"OR: 33rd Week in Ord. Time, Friday",Zech 12:9-12a; 13:1-9,LOTH: OR,,,4.557
Divine Office,Zechariah,"OR: 33rd Week in Ord. Time, Saturday",Zech 14:1-21,LOTH: OR,,,4.561
Divine Office,Zechariah,"OR: 28th Week in Ord. Time, Wednesday",Zech 3:1—4:14,LOTH: OR,,,4.384
Divine Office,Zechariah,"OR: 28th Week in Ord. Time, Thursday","Zech 8:1-17, 20-23",LOTH: OR,,,4.389
Divine Office,Zechariah,"OR: 33rd Week in Ord. Time, Tuesday",Zech 9:1—10:2,LOTH: OR,,,4.542
Divine Office,Malachi,"OR: 28th Week in Ord. Time, Friday",Mal 1:1-14; 2:13-16,LOTH: OR,,,4.394
Divine Office,Malachi,"OR: 28th Week in Ord. Time, Saturday",Mal 3:1-24,LOTH: OR,,,4.399
Divine Office,Matthew,"OR: Easter Sunday, 4th Reading",Matt 28:1-10,LOTH: OR,,,2.522
Divine Office,Acts of the Apostles,OR: Common of Apostles (Easter),Acts 5:12-32,LOTH: OR,,,2.1958
Divine Office,Acts of the Apostles,"OR: Aug. 10: Lawrence, Deacon and Martyr","Acts 6:1-6; 8:1b, 4-8",LOTH: OR,,,4.1304
Divine Office,Acts of the Apostles,"OR: Dec. 26: Stephen, First Martyr","Acts 6:8—7:2a, 44-49",LOTH: OR,,,1.1253
Divine Office,Acts of the Apostles,"OR: Oct. 18: Luke, Evangelist",Acts 9:27-31; 11:19-26,LOTH: OR,,,4.1494
Divine Office,Acts of the Apostles,"OR: Feb. 22: Chair of Peter, Apostle",Acts 11:1-18,LOTH: OR,,,2.1685; 3.1386
Divine Office,Acts of the Apostles,"OR: Common of Pastors, For a pope or bishop (Easter)",Acts 20:17-36,LOTH: OR,,,2.2057
Divine Office,Romans,OR: Dec. 8: Immaculate Conception,Rom 5:12-21,LOTH: OR,,,1.1226
Divine Office,Romans,"OR: Easter Sunday, 3rd Reading",Rom 6:3-11,LOTH: OR,,,2.521
Divine Office,Romans,OR: Pentecost,Rom 8:5-27,LOTH: OR,,,2.1023
Divine Office,Romans,OR: Common of Several Martyrs (Ordinary Time),Rom 8:18-39,LOTH: OR,,,3.1684; 4.1698
Divine Office,Romans,OR: Friday after the 2nd Sunday after Pentecost: Sacred Heart,Rom 8:28-39,LOTH: OR,,,3.633
Divine Office,Romans,"OR: Common of Holy Men, alt. (Ordinary Time)",Rom 12:1-21,LOTH: OR,,,3.1809; 4.1823
Divine Office,1 Corinthians,"OR: Nov. 30: Andrew, Apostle",1 Cor 1:18—2:5,LOTH: OR,,,1.1201; 4.1584
Divine Office,1 Corinthians,OR: Common of Apostles (Advent/Christmas/Lent),1 Cor 1:18—2:5,LOTH: OR,,,1.1359; 2.1956
Divine Office,1 Corinthians,OR: Sunday after Pentecost: Trinity Sunday,1 Cor 2:1-16,LOTH: OR,,,3.582
Divine Office,1 Corinthians,OR: Common of Doctors of the Church (Easter),1 Cor 2:1-16,LOTH: OR,,,2.2089
Divine Office,1 Corinthians,OR: Common of Apostles (Ordinary Time),1 Cor 4:1-16,LOTH: OR,,,3.1664; 4.1678
Divine Office,1 Corinthians,OR: Common of Virgins,1 Cor 7:25-40,LOTH: OR,,,1.1476; 2.2108; 3.1780; 4.1794
Divine Office,1 Corinthians,"OR: Common of Holy M&W, For those who worked for the underprivileged (Ord.Time)",1 Cor 12:31—13:13,LOTH: OR,,,3.1866; 4.1880
Divine Office,1 Corinthians,OR: Office for the Dead,1 Cor 15:12-34,LOTH: OR,,,1.1580; 2.2222; 3.1882; 4.1896
Divine Office,1 Corinthians,"OR: Office for the Dead, alt.",1 Cor 15:35-57,LOTH: OR,,,1.1581; 2.2223; 3.1883; 4.1897
Divine Office,2 Corinthians,OR: 16th Sunday in Ord. Time,2 Cor 1:1-14,LOTH: OR,,,3.514
Divine Office,2 Corinthians,"OR: 16th Week in Ord. Time, Monday",2 Cor 1:15—2:11,LOTH: OR,,,3.518
Divine Office,2 Corinthians,"OR: 16th Week in Ord. Time, Tuesday",2 Cor 2:12—3:16,LOTH: OR,,,3.522
Divine Office,2 Corinthians,"OR: 16th Week in Ord. Time, Wednesday",2 Cor 3:7—4:4,LOTH: OR,,,3.526
Divine Office,2 Corinthians,OR: Aug. 6: Transfiguration,2 Cor 3:7—4:6,LOTH: OR,,,4.1283
Divine Office,2 Corinthians,"OR: 16th Week in Ord. Time, Thursday",2 Cor 4:5-18,LOTH: OR,,,3.529
Divine Office,2 Corinthians,OR: Common of One Martyr (Ordinary Time),2 Cor 4:7—5:8,LOTH: OR,,,3.1711; 4.1725
Divine Office,2 Corinthians,"OR: Office for the Dead, alt.",2 Cor 4:16—5:10,LOTH: OR,,,1.1583; 2.2225; 3.1885; 4.1899
Divine Office,2 Corinthians,"OR: 16th Week in Ord. Time, Friday",2 Cor 5:1-21,LOTH: OR,,,3.533
Divine Office,2 Corinthians,"OR: 16th Week in Ord. Time, Saturday",2 Cor 6:1—7:1,LOTH: OR,,,3.537
Divine Office,2 Corinthians,OR: 17th Sunday in Ord. Time,2 Cor 7:2-16,LOTH: OR,,,3.541
Divine Office,2 Corinthians,"OR: 17th Week in Ord. Time, Monday",2 Cor 8:1-24,LOTH: OR,,,3.545
Divine Office,2 Corinthians,"OR: 17th Week in Ord. Time, Tuesday",2 Cor 9:1-15,LOTH: OR,,,3.549
Divine Office,2 Corinthians,"OR: 17th Week in Ord. Time, Wednesday",2 Cor 10:1—11:6,LOTH: OR,,,3.553
Divine Office,2 Corinthians,"OR: 17th Week in Ord. Time, Thursday",2 Cor 11:7-29,LOTH: OR,,,3.558
Divine Office,2 Corinthians,"OR: 17th Week in Ord. Time, Friday",2 Cor 11:30—12:12,LOTH: OR,,,3.562
Divine Office,2 Corinthians,"OR: 17th Week in Ord. Time, Saturday",2 Cor 12:14—13:13,LOTH: OR,,,3.566
Divine Office,Galatians,OR: 5th Sunday in Ord. Time,Gal 1:1-12,LOTH: OR,,,3.168
Divine Office,Galatians,"OR: Jan. 25: Conversion of Paul, Apostle",Gal 1:11-24,LOTH: OR,,,3.132
Divine Office,Galatians,"OR: 5th Week in Ord. Time, Monday",Gal 1:13—2:10,LOTH: OR,,,3.172
Divine Office,Galatians,"OR: June 29: Peter and Paul, Apostles",Gal 1:15—2:10,LOTH: OR,,,3.1503
Divine Office,Galatians,"OR: 5th Week in Ord. Time, Tuesday",Gal 2:11—3:14,LOTH: OR,,,3.176
Divine Office,Galatians,OR: Sept. 14: Triumph of the Cross,"Gal 2:19—3:7, 13-14; 6:14-16",LOTH: OR,,,4.1388
Divine Office,Galatians,"OR: 5th Week in Ord. Time, Wednesday",Gal 3:15—4:17,LOTH: OR,,,3.181
Divine Office,Galatians,"OR: Common of the Blessed Virgin Mary, alt. (Ordinary Time)",Gal 3:22—4:7,LOTH: OR,,,3.1620; 4.1634
Divine Office,Galatians,"OR: 5th Week in Ord. Time, Thursday",Gal 4:8-31,LOTH: OR,,,3.185
Divine Office,Galatians,"OR: 5th Week in Ord. Time, Friday",Gal 5:1-25,LOTH: OR,,,3.189
Divine Office,Galatians,"OR: 5th Week in Ord. Time, Saturday",Gal 5:25—6:18,LOTH: OR,,,3.193
Divine Office,Ephesians,OR: Aug. 15: Assumption,Eph 1:16—2:10,LOTH: OR,,,4.1318
Divine Office,Ephesians,"OR: April 25: Mark, Evangelist",Eph 4:1-16,LOTH: OR,,,2.1782
Divine Office,Ephesians,"OR: Sept. 21: Matthew, Apostle and Evangelist",Eph 4:1-16,LOTH: OR,,,4.1416
Divine Office,Ephesians,OR: Ascension,Eph 4:1-24,LOTH: OR,,,2.918
Divine Office,Ephesians,"OR: Common of Holy Men & Women, For Religious (Advent/Christmas/Lent/Easter)",Eph 4:1-24,LOTH: OR,,,1.1554; 2.2195
Divine Office,Ephesians,"OR: Common of Holy Men, For a married man (Ordinary Time)",Eph 5:21-32,LOTH: OR,,,3.1810; 4.1824
Divine Office,Ephesians,OR: Sunday in the Octave of Christmas: Holy Family,Eph 5:21—6:4,LOTH: OR,,,1.425
Divine Office,Philippians,OR: 26th Sunday in Ord. Time,Phil 1:1-11,LOTH: OR,,,4.313
Divine Office,Philippians,"OR: 26th Week in Ord. Time, Monday",Phil 1:12-26,LOTH: OR,,,4.317
Divine Office,Philippians,"OR: 26th Week in Ord. Time, Tuesday",Phil 1:27—2:11,LOTH: OR,,,4.321
Divine Office,Philippians,"OR: Common of Holy Men, alt. (Advent/Christmas/Lent/Easter)",Phil 1:29—2:16,LOTH: OR,,,1.1505; 2.2140
Divine Office,Philippians,"OR: 26th Week in Ord. Time, Wednesday",Phil 2:12-30,LOTH: OR,,,4.325
Divine Office,Philippians,"OR: 26th Week in Ord. Time, Thursday",Phil 3:1-16,LOTH: OR,,,4.329
Divine Office,Philippians,"OR: Common of Holy Men & Women, For Religious (Ordinary Time)","Phil 3:7—4:1, 4-9",LOTH: OR,,,3.1858; 4.1872
Divine Office,Philippians,"OR: 26th Week in Ord. Time, Friday",Phil 3:17—4:9,LOTH: OR,,,4.332
Divine Office,Philippians,"OR: 26th Week in Ord. Time, Saturday",Phil 4:10-23,LOTH: OR,,,4.336
Divine Office,Colossians,OR: 46020,Col 1:1-14,LOTH: OR,,,1.445
Divine Office,Colossians,OR: 46021,Col 1:15—2:3,LOTH: OR,,,1.457
Divine Office,Colossians,OR: 46022,Col 2:4-15,LOTH: OR,,,1.469
Divine Office,Colossians,OR: From Jan. 2 to Epiphany: Monday,Col 2:16—3:4,LOTH: OR,,,1.502
Divine Office,Colossians,OR: Sunday within the Octave of Easter,Col 3:1-17,LOTH: OR,,,2.634
Divine Office,Colossians,OR: Common of Holy Men (Ordinary Time),Col 3:1-17,LOTH: OR,,,3.1807; 4.1821
Divine Office,Colossians,OR: From Jan. 2 to Epiphany: Tuesday,Col 3:5-16,LOTH: OR,,,1.51
Divine Office,Colossians,OR: From Jan. 2 to Epiphany: Wednesday,Col 3:17—4:1,LOTH: OR,,,1.518
Divine Office,Colossians,OR: From Jan. 2 to Epiphany: Thursday,Col 4:2-18,LOTH: OR,,,1.525
Divine Office,1 Thessalonians,OR: 4th Sunday in Ord. Time,1 Thess 1:1—2:12,LOTH: OR,,,3.14
Divine Office,1 Thessalonians,"OR: Common of Pastors, For a pope or bishop (Advent/Christmas/Lent)","1 Thess 2:1-13, 19-20",LOTH: OR,,,1.1431; 2.2055
Divine Office,1 Thessalonians,"OR: 4th Week in Ord. Time, Monday",1 Thess 2:13—3:13,LOTH: OR,,,3.145
Divine Office,1 Thessalonians,"OR: 4th Week in Ord. Time, Tuesday",1 Thess 4:1-18,LOTH: OR,,,3.149
Divine Office,1 Thessalonians,"OR: 4th Week in Ord. Time, Wednesday",1 Thess 5:1-28,LOTH: OR,,,3.152
Divine Office,2 Thessalonians,"OR: 4th Week in Ord. Time, Thursday",2 Thess 1:1-12,LOTH: OR,,,3.156
Divine Office,2 Thessalonians,"OR: 4th Week in Ord. Time, Friday",2 Thess 2:1-17,LOTH: OR,,,3.16
Divine Office,2 Thessalonians,"OR: 4th Week in Ord. Time, Saturday",2 Thess 3:1-18,LOTH: OR,,,3.164
Divine Office,1 Timothy,OR: 27th Sunday in Ord. Time,1 Tim 1:1-20,LOTH: OR,,,4.34
Divine Office,1 Timothy,"OR: 27th Week in Ord. Time, Monday",1 Tim 2:1-15,LOTH: OR,,,4.345
Divine Office,1 Timothy,"OR: 27th Week in Ord. Time, Tuesday",1 Tim 3:1-16,LOTH: OR,,,4.349
Divine Office,1 Timothy,"OR: 27th Week in Ord. Time, Wednesday",1 Tim 4:1—5:2,LOTH: OR,,,4.353
Divine Office,1 Timothy,"OR: 27th Week in Ord. Time, Thursday",1 Tim 5:3-25,LOTH: OR,,,4.357
Divine Office,1 Timothy,"OR: Common of Pastors, For a priest (Advent/Christmas/Lent/Easter)",1 Tim 5:17-22; 6:10-14,LOTH: OR,,,1.1433; 2.2059
Divine Office,1 Timothy,"OR: 27th Week in Ord. Time, Friday",1 Tim 6:1-10,LOTH: OR,,,4.362
Divine Office,1 Timothy,"OR: 27th Week in Ord. Time, Saturday",1 Tim 6:11-21,LOTH: OR,,,4.366
Divine Office,Titus,"OR: Common of Pastors, For a pope or bishop (Ordinary Time)",Titus 1:7-11; 2:1-8,LOTH: OR,,,3.1737; 4.1751
Divine Office,Hebrews,OR: 5th Sunday of Lent,Heb 1:1—2:4,LOTH: OR,,,2.338
Divine Office,Hebrews,"OR: 5th Week of Lent, Monday",Heb 2:5-18,LOTH: OR,,,2.348
Divine Office,Hebrews,"OR: Jan. 1: Octave of Christmas: Mary, Mother of God",Heb 2:9-17,LOTH: OR,,,1.483
Divine Office,Hebrews,"OR: 5th Week of Lent, Tuesday",Heb 3:1-19,LOTH: OR,,,2.356
Divine Office,Hebrews,OR: Holy Saturday,Heb 4:1-13,LOTH: OR,,,2.495
Divine Office,Hebrews,OR: Holy Thursday,Heb 4:14—5:10,LOTH: OR,,,2.457
Divine Office,Hebrews,"OR: 5th Week of Lent, Wednesday",Heb 6:9-20,LOTH: OR,,,2.365
Divine Office,Hebrews,"OR: 5th Week of Lent, Thursday",Heb 7:1-10,LOTH: OR,,,2.373
Divine Office,Hebrews,"OR: 5th Week of Lent, Friday",Heb 7:11-28,LOTH: OR,,,2.381
Divine Office,Hebrews,"OR: 5th Week of Lent, Saturday",Heb 8:1-13,LOTH: OR,,,2.39
Divine Office,Hebrews,OR: Good Friday,Heb 9:11-28,LOTH: OR,,,2.472
Divine Office,Hebrews,OR: Passion Sunday (Palm Sunday),Heb 10:1-18,LOTH: OR,,,2.417
Divine Office,Hebrews,"OR: Holy Week, Monday",Heb 10:19-39,LOTH: OR,,,2.43
Divine Office,Hebrews,"OR: March 19: Joseph, Husband of Mary",Heb 11:1-6,LOTH: OR,,,2.172
Divine Office,Hebrews,"OR: Holy Week, Tuesday",Heb 12:1-13,LOTH: OR,,,2.439
Divine Office,Hebrews,"OR: Holy Week, Wednesday",Heb 12:14-29,LOTH: OR,,,2.447
Divine Office,1 Peter,OR: Monday within the Octave of Easter,1 Pet 1:1-21,LOTH: OR,,,2.552
Divine Office,1 Peter,OR: Tuesday within the Octave of Easter,1 Pet 1:22—2:10,LOTH: OR,,,2.566
Divine Office,1 Peter,OR: Common of the Dedication of a Church (Ordinary Time),1 Pet 2:1-17,LOTH: OR,,,3.1590; 4.1604
Divine Office,1 Peter,OR: Wednesday within the Octave of Easter,1 Pet 2:11-25,LOTH: OR,,,2.58
Divine Office,1 Peter,OR: Thursday within the Octave of Easter,1 Pet 3:1-17,LOTH: OR,,,2.595
Divine Office,1 Peter,"OR: Common of Holy Women, alt. reading, For a married woman","1 Pet 3:1-6, 8-17",LOTH: OR,,,1.1537; 2.2177; 3.1841; 4.1855
Divine Office,1 Peter,"OR: Common of Holy Men, For a married man (Advent/Christmas/Lent/Easter)",1 Pet 3:7-17,LOTH: OR,,,1.1507; 2.2144
Divine Office,1 Peter,OR: Friday within the Octave of Easter,1 Pet 3:18—4:11,LOTH: OR,,,2.607
Divine Office,1 Peter,OR: Saturday within the Octave of Easter,1 Pet 4:12—5:14,LOTH: OR,,,2.619
Divine Office,1 Peter,"OR: Common of Pastors, For a priest (Ordinary Time)",1 Pet 5:1-11,LOTH: OR,,,3.1738; 4.1752
Divine Office,2 Peter,"OR: 34th Week in Ord. Time, Monday",2 Pet 1:1-11,LOTH: OR,,,4.587
Divine Office,2 Peter,"OR: 34th Week in Ord. Time, Tuesday",2 Pet 1:12-21,LOTH: OR,,,4.59
Divine Office,2 Peter,"OR: 34th Week in Ord. Time, Wednesday",2 Pet 2:1-9,LOTH: OR,,,4.594
Divine Office,2 Peter,"OR: 34th Week in Ord. Time, Thursday",2 Pet 2:9-22,LOTH: OR,,,4.597
Divine Office,2 Peter,"OR: 34th Week in Ord. Time, Friday",2 Pet 3:1-18,LOTH: OR,,,4.601
Divine Office,1 John,OR: 6th Sunday of Easter,1 John 1:1-10,LOTH: OR,,,2.871
Divine Office,1 John,"OR: Dec. 27: John, Apostle and Evangelist",1 John 1:1—2:3,LOTH: OR,,,1.1264
Divine Office,1 John,"OR: 6th Week of Easter, Monday",1 John 2:1-11,LOTH: OR,,,2.88
Divine Office,1 John,"OR: 6th Week of Easter, Tuesday",1 John 2:12-17,LOTH: OR,,,2.888
Divine Office,1 John,"OR: 6th Week of Easter, Wednesday",1 John 2:18-29,LOTH: OR,,,2.896
Divine Office,1 John,"OR: 6th Week of Easter, Friday",1 John 3:1-10,LOTH: OR,,,2.935
Divine Office,1 John,"OR: 6th Week of Easter, Saturday",1 John 3:11-17,LOTH: OR,,,2.946
Divine Office,1 John,OR: 7th Sunday of Easter,1 John 3:18-24,LOTH: OR,,,2.956
Divine Office,1 John,"OR: 7th Week of Easter, Monday",1 John 4:1-10,LOTH: OR,,,2.965
Divine Office,1 John,"OR: Common of Holy M&W, For those who worked for the underprivileged (Seasons)",1 John 4:7-21,LOTH: OR,,,1.1562; 2.2204
Divine Office,1 John,"OR: 7th Week of Easter, Tuesday",1 John 4:11-21,LOTH: OR,,,2.973
Divine Office,1 John,"OR: 7th Week of Easter, Wednesday",1 John 5:1-12,LOTH: OR,,,2.981
Divine Office,1 John,"OR: 7th Week of Easter, Thursday",1 John 5:13-21,LOTH: OR,,,2.989
Divine Office,2 John,"OR: 7th Week of Easter, Friday",2 John 1:1-13,LOTH: OR,,,2.996
Divine Office,3 John,"OR: 7th Week of Easter, Saturday",3 John 1:1-15,LOTH: OR,,,2.1004
Divine Office,Jude,"OR: 34th Week in Ord. Time, Saturday","Jude 1:1-8, 12-13, 17-25",LOTH: OR,,,4.606
Divine Office,Revelation,"OR: 2nd Week of Easter, Monday",Rev 1:1-20,LOTH: OR,,,2.642
Divine Office,Revelation,OR: Last Sunday in Ord. Time: Christ the King,"Rev 1:4b-6,10,12-18; 2:26,28; 3:5b,12,20-21",LOTH: OR,,,4.574
Divine Office,Revelation,"OR: 2nd Week of Easter, Tuesday",Rev 2:1-11,LOTH: OR,,,2.65
Divine Office,Revelation,"OR: 2nd Week of Easter, Wednesday",Rev 2:12-29,LOTH: OR,,,2.658
Divine Office,Revelation,"OR: 2nd Week of Easter, Thursday",Rev 3:1-22,LOTH: OR,,,2.666
Divine Office,Revelation,"OR: 2nd Week of Easter, Friday",Rev 4:1-11,LOTH: OR,,,2.675
Divine Office,Revelation,OR: Nov. 1: All Saints,Rev 5:1-4,LOTH: OR,,,4.1524
Divine Office,Revelation,"OR: 2nd Week of Easter, Saturday",Rev 5:1-14,LOTH: OR,,,2.683
Divine Office,Revelation,OR: 3rd Sunday of Easter,Rev 6:1-17,LOTH: OR,,,2.692
Divine Office,Revelation,"OR: 3rd Week of Easter, Monday",Rev 7:1-17,LOTH: OR,,,2.702
Divine Office,Revelation,OR: Common of Several Martyrs (Easter) & Common of One Martyr (Easter),Rev 7:9-17,LOTH: OR,,,2.1983; 2.2021
Divine Office,Revelation,"OR: 3rd Week of Easter, Tuesday",Rev 8:1-13,LOTH: OR,,,2.71
Divine Office,Revelation,"OR: 3rd Week of Easter, Wednesday",Rev 9:1-12,LOTH: OR,,,2.718
Divine Office,Revelation,"OR: 3rd Week of Easter, Thursday",Rev 9:13-21,LOTH: OR,,,2.726
Divine Office,Revelation,"OR: 3rd Week of Easter, Friday",Rev 10:1-11,LOTH: OR,,,2.733
Divine Office,Revelation,"OR: 3rd Week of Easter, Saturday",Rev 11:1-19,LOTH: OR,,,2.741
Divine Office,Revelation,OR: Common of the Blessed Virgin Mary (Easter),Rev 11:19—12:17a,LOTH: OR,,,2.1924
Divine Office,Revelation,"OR: Sept. 29: Michael, Gabriel, and Raphael, Archangels",Rev 12:1-17a,LOTH: OR,,,4.1433
Divine Office,Revelation,OR: 4th Sunday of Easter,Rev 12:1-17,LOTH: OR,,,2.75
Divine Office,Revelation,"OR: 4th Week of Easter, Monday",Rev 13:1-18,LOTH: OR,,,2.76
Divine Office,Revelation,OR: Common of Holy Men (Easter),Rev 14:1-5; 19:1-10,LOTH: OR,,,2.2142
Divine Office,Revelation,"OR: 4th Week of Easter, Tuesday",Rev 14:1-13,LOTH: OR,,,2.768
Divine Office,Revelation,"OR: 4th Week of Easter, Wednesday",Rev 14:14—15:4,LOTH: OR,,,2.777
Divine Office,Revelation,"OR: 4th Week of Easter, Thursday",Rev 15:5—16:21,LOTH: OR,,,2.785
Divine Office,Revelation,"OR: 4th Week of Easter, Friday",Rev 17:1-18,LOTH: OR,,,2.794
Divine Office,Revelation,"OR: 4th Week of Easter, Saturday",Rev 18:1-20,LOTH: OR,,,2.803
Divine Office,Revelation,OR: 5th Sunday of Easter,Rev 18:21—19:10,LOTH: OR,,,2.813
Divine Office,Revelation,"OR: 5th Week of Easter, Monday",Rev 19:11-21,LOTH: OR,,,2.823
Divine Office,Revelation,"OR: 5th Week of Easter, Tuesday",Rev 20:1-15,LOTH: OR,,,2.831
Divine Office,Revelation,"OR: 5th Week of Easter, Wednesday",Rev 21:1-8,LOTH: OR,,,2.839
Divine Office,Revelation,"OR: 5th Week of Easter, Thursday",Rev 21:9-27,LOTH: OR,,,2.847
Divine Office,Revelation,OR: Common of the Dedication of a Church (Advent/Christmas/Easter),Rev 21:9-27,LOTH: OR,,,1.1302; 2.1890
Divine Office,Revelation,"OR: 5th Week of Easter, Friday",Rev 22:1-9,LOTH: OR,,,2.855
Divine Office,Revelation,"OR: 5th Week of Easter, Saturday",Rev 22:10-21,LOTH: OR,,,2.862
,,,,,,,