Scripture Reference,Liturgical Usage
Isa 6:1-13,"Office of Readings, Year I: Advent, Week 1, Sunday"
Isa 7:1-17,"Office of Readings, Year I: Advent, Week 1, Monday"
Isa 8:1-18,"Office of Readings, Year I: Advent, Week 1, Tuesday"
Isa 8:23b-9:6,"Office of Readings, Year I: Advent, Week 1, Wednesday"
Isa 10:5-21,"Office of Readings, Year I: Advent, Week 1, Thursday"
Isa 11:10-16,"Office of Readings, Year I: Advent, Week 1, Friday"
Isa 13:1-22a,"Office of Readings, Year I: Advent, Week 1, Saturday"
Isa 14:1-21,"Office of Readings, Year I: Advent, Week 2, Sunday"
Isa 34:1-17,"Office of Readings, Year I: Advent, Week 2, Monday"
Isa 35:1-10,"Office of Readings, Year I: Advent, Week 2, Tuesday"
Ru 1:1-22,"Office of Readings, Year I: Advent, Week 2, Wednesday"
Ru 2:1-13,"Office of Readings, Year I: Advent, Week 2, Thursday"
Ru 2:14-23,"Office of Readings, Year I: Advent, Week 2, Friday"
Ru 3:1-18,"Office of Readings, Year I: Advent, Week 2, Saturday"
Ru 4:1-22,"Office of Readings, Year I: Advent, Week 3, Sunday"
1 Chr 17:1-15,"Office of Readings, Year I: Advent, Week 3, Monday"
Mic 4:1-14,"Office of Readings, Year I: Advent, Week 3, Tuesday"
Mic 4:14-5:7,"Office of Readings, Year I: Advent, Week 3, Wednesday"
Mic 7:7-13,"Office of Readings, Year I: Advent, Week 3, Thursday"
Mic 7:14-20,"Office of Readings, Year I: Advent, Week 3, Friday"
Isa 40:1-11,"Office of Readings, Year I: Advent, Dec. 17"
"Isa 40:12-18, 21-31","Office of Readings, Year I: Advent, Dec. 18"
Isa 41:8-20,"Office of Readings, Year I: Advent, Dec. 19"
Isa 41:21-29,"Office of Readings, Year I: Advent, Dec. 20"
Isa 42:10-25,"Office of Readings, Year I: Advent, Dec. 21"
Isa 43:1-13,"Office of Readings, Year I: Advent, Dec. 22"
"Isa 43:14a, 18-28","Office of Readings, Year I: Advent, Dec. 23"
"Isa 44:1-8, 21-23","Office of Readings, Year I: Advent, Dec. 24"
Isa 1:1-18,"Office of Readings, Year II: Advent, Week 1, Sunday"
"Isa 1:21-27, 2:1-5","Office of Readings, Year II: Advent, Week 1, Monday"
"Isa 2:6-21, 4:2-6","Office of Readings, Year II: Advent, Week 1, Tuesday"
Isa 5:1-7,"Office of Readings, Year II: Advent, Week 1, Wednesday"
"Isa 16:1-5, 17:4-8","Office of Readings, Year II: Advent, Week 1, Thursday"
Isa 19:16-25,"Office of Readings, Year II: Advent, Week 1, Friday"
Isa 21:6-12,"Office of Readings, Year II: Advent, Week 1, Saturday"
Isa 22:8-23,"Office of Readings, Year II: Advent, Week 2, Sunday"
Isa 24:1-18,"Office of Readings, Year II: Advent, Week 2, Monday"
Isa 24:19-25:5,"Office of Readings, Year II: Advent, Week 2, Tuesday"
Isa 25:6-26:6,"Office of Readings, Year II: Advent, Week 2, Wednesday"
Isa 26:7-21,"Office of Readings, Year II: Advent, Week 2, Thursday"
Isa 27:1-13,"Office of Readings, Year II: Advent, Week 2, Friday"
Isa 29:1-8,"Office of Readings, Year II: Advent, Week 2, Saturday"
Isa 29:13-24,"Office of Readings, Year II: Advent, Week 3, Sunday"
Isa 30:18-26,"Office of Readings, Year II: Advent, Week 3, Monday"
"Isa 30:27-33, 31:4-9","Office of Readings, Year II: Advent, Week 3, Tuesday"
"Isa 31:1-3, 32:1-8","Office of Readings, Year II: Advent, Week 3, Wednesday"
Isa 32:15-33:6,"Office of Readings, Year II: Advent, Week 3, Thursday"
Isa 33:7-24,"Office of Readings, Year II: Advent, Week 3, Friday"
Isa 45:1-3,"Office of Readings, Year II: Advent, Dec. 17"
Isa 46:1-13,"Office of Readings, Year II: Advent, Dec. 18"
"Isa 47:1, 4-15","Office of Readings, Year II: Advent, Dec. 19"
Isa 48:1-11,"Office of Readings, Year II: Advent, Dec. 20"
"Isa 48:12-21, 49:9b-13","Office of Readings, Year II: Advent, Dec. 21"
Isa 49:14-50:1,"Office of Readings, Year II: Advent, Dec. 22"
Isa 51:1-11,"Office of Readings, Year II: Advent, Dec. 23"
"Isa 51:17-52:2, 7-10","Office of Readings, Year II: Advent, Dec. 24"
Isa 11:1-10,"Office of Readings, Year I: Dec. 25, On Christmas Day"
Col 1:1-14,"Office of Readings, Year I: Dec. 29, Christmas"
Col 1:15-2:3,"Office of Readings, Year I: Dec. 30, Christmas"
Col 2:4-15,"Office of Readings, Year I: Dec. 31, Christmas"
Heb 2:9-17,"Office of Readings, Year I: Jan. 1, Solemnity of Mary, Mother of God"
Col 2:16-3:4,"Office of Readings, Year I: Jan. 2, Christmas"
Col 3:5-16,"Office of Readings, Year I: Jan. 3, Christmas"
Col 3:17-4:1,"Office of Readings, Year I: Jan. 4, Christmas"
Col 4:2-18,"Office of Readings, Year I: Jan. 5, Christmas"
Isa 42:1-8,"Office of Readings, Year I: Jan. 6, Christmas"
Isa 61:1-11,"Office of Readings, Year I: Jan. 7, Christmas"
Isa 60:1-22,"Office of Readings, Year I: Jan. 6, Epiphany of the Lord"
Isa 61:1-11,"Office of Readings, Year I: 7 January or Monday after Epiphany"
Isa 62:1-12,"Office of Readings, Year I: 8 January or Tuesday after Epiphany"
Isa 63:7-19,"Office of Readings, Year I: 9 January or Wednesday after Epiphany"
Isa 63:19b-64:11,"Office of Readings, Year I: 10 January or Thursday after Epiphany"
Isa 65:13-25,"Office of Readings, Year I: 1Jan. 1, or Friday after Epiphany"
"Isa 66:10-14, 18-23","Office of Readings, Year I: 12 January or Saturday after Epiphany"
"Isa 42:1-9, 49:1-9","Office of Readings, Year I: Sunday after Jan. 6, Baptism of the Lord"
Isa 11:1-10,"Office of Readings, Year II: Dec. 25, On Christmas Day"
Song 1:1-10,"Office of Readings, Year II: Dec. 29, Christmas"
Song 1:11-2:7,"Office of Readings, Year II: Dec. 30, Christmas"
Song 2:8-3:5,"Office of Readings, Year II: Dec. 31, Christmas"
Heb 2:9-17,"Office of Readings, Year II: Jan. 1, Solemnity of Mary, Mother of God"
Song 4:1-5:2a,"Office of Readings, Year II: Jan. 2, Christmas"
Song 5:2b-6:3,"Office of Readings, Year II: Jan. 3, Christmas"
Song 6:4-7:8,"Office of Readings, Year II: Jan. 4, Christmas"
Song 7:10-8:7,"Office of Readings, Year II: Jan. 5, Christmas"
Isa 49:1-9,"Office of Readings, Year II: Jan. 6, Christmas"
Isa 54:1-17,"Office of Readings, Year II: Jan. 7, Christmas"
Isa 60:1-22,"Office of Readings, Year II: Jan. 6, Sunday a die 2 ad day 8 January occurring In Epipha- nia Domini"
Isa 54:1-17,"Office of Readings, Year II: 7 January or Monday after Epiphany"
Isa 55:1-13,"Office of Readings, Year II: 8 January or Tuesday after Epiphany"
Isa 56:1-8,"Office of Readings, Year II: 9 January or Wednesday after Epiphany"
Isa 59:15-21,"Office of Readings, Year II: 10 January or Thursday after Epiphany"
"Isa 42:1-9, 49:1-9","Office of Readings, Year II: Sunday after day 6 January occurrentem On the Baptism of the Lord"
Isa 58:1-12,"Office of Readings, Year I: Ash Wednesday"
Deut 6:4-25,"Office of Readings, Year I: Lent, Week 1, Sunday"
"Deut 7:6-14, 8:1-6","Office of Readings, Year I: Lent, Week 1, Monday"
"Deut 9:7-21, 25-29","Office of Readings, Year I: Lent, Week 1, Tuesday"
"Deut 10:12-11:9, 26-28","Office of Readings, Year I: Lent, Week 1, Wednesday"
Deut 12:1-14,"Office of Readings, Year I: Lent, Week 1, Thursday"
Deut 15:1-18,"Office of Readings, Year I: Lent, Week 1, Friday"
Deut 16:1-17,"Office of Readings, Year I: Lent, Week 1, Saturday"
Deut 18:1-22,"Office of Readings, Year I: Lent, Week 2, Sunday"
Deut 24:1-25:4,"Office of Readings, Year I: Lent, Week 2, Monday"
Deut 26:1-19,"Office of Readings, Year I: Lent, Week 2, Tuesday"
Deut 30:1-20,"Office of Readings, Year I: Lent, Week 2, Thursday"
"Deut 32:48-52, 34:1-12","Office of Readings, Year I: Lent, Week 2, Saturday"
Heb 1:1-2:4,"Office of Readings, Year I: Lent, Week 3, Sunday"
Heb 2:5-18,"Office of Readings, Year I: Lent, Week 3, Monday"
Heb 3:1-19,"Office of Readings, Year I: Lent, Week 3, Tuesday"
Heb 4:1-13,"Office of Readings, Year I: Lent, Week 3, Wednesday"
Heb 4:14-5:10,"Office of Readings, Year I: Lent, Week 3, Thursday"
Heb 5:11-6:8,"Office of Readings, Year I: Lent, Week 3, Friday"
Heb 6:9-20,"Office of Readings, Year I: Lent, Week 3, Saturday"
Heb 7:1-11,"Office of Readings, Year I: Lent, Week 4, Sunday"
Heb 7:11-28,"Office of Readings, Year I: Lent, Week 4, Monday"
Heb 8:1-13,"Office of Readings, Year I: Lent, Week 4, Tuesday"
Heb 9:1-10,"Office of Readings, Year I: Lent, Week 4, Wednesday"
Heb 9:11-28,"Office of Readings, Year I: Lent, Week 4, Thursday"
Heb 10:1-10,"Office of Readings, Year I: Lent, Week 4, Friday"
Heb 10:11-25,"Office of Readings, Year I: Lent, Week 4, Saturday"
Heb 10:26-39,"Office of Readings, Year I: Lent, Week 5, Sunday"
Heb 11:1-19,"Office of Readings, Year I: Lent, Week 5, Monday"
Heb 11:20-31,"Office of Readings, Year I: Lent, Week 5, Tuesday"
Heb 11:32-40,"Office of Readings, Year I: Lent, Week 5, Wednesday"
Heb 12:1-13,"Office of Readings, Year I: Lent, Week 5, Thursday"
Heb 12:14-29,"Office of Readings, Year I: Lent, Week 5, Friday"
Heb 13:1-25,"Office of Readings, Year I: Lent, Week 5, Saturday"
Isa 50:4-51:3,"Office of Readings, Year I: Palm Sunday of the Passion of the Lord"
Isa 52:13-53:12,"Office of Readings, Year I: Lent, Week 5, Monday"
"Lam 1:1-12, 18-20","Office of Readings, Year I: Lent, Week 5, Tuesday"
Lam 2:1-9,"Office of Readings, Year I: Lent, Week 5, Wednesday"
"Zech 11:4-14, 13:4-7","Office of Readings, Year I: Lent, Week 5, Thursday"
Lam 2:10-22,"Office of Readings, Year I: Lent, Week 5, Optional"
Heb 9:11-28,"Office of Readings, Year I: Friday On the Passion of the Lord (Good Friday)"
Lam 3:1-33,"Office of Readings, Year I: Sacred Paschal Triduum, Alternate"
Lam 2:13-19,"Office of Readings, Year I: Sacred Paschal Triduum, Alternate (Canticle 1)"
Lam 3:1-12,"Office of Readings, Year I: Sacred Paschal Triduum, Alternate (Canticle 2)"
Lam 3:13-24,"Office of Readings, Year I: Sacred Paschal Triduum, Alternate (Canticle 3)"
Heb 4:1-13,"Office of Readings, Year I: Holy Saturday"
Lam 5:1-22,"Office of Readings, Year I: Sacred Paschal Triduum, Alternate"
Lam 3:25-39,"Office of Readings, Year I: Sacred Paschal Triduum, Alternate (Canticle 1)"
"Lam 3:40-42, 49-60","Office of Readings, Year I: Sacred Paschal Triduum, Alternate (Canticle 2)"
"Lam 5:1-7, 13-21","Office of Readings, Year I: Sacred Paschal Triduum, Alternate (Canticle 3)"
Exod 14:15-15:1,"Office of Readings, Year I: Sacred Paschal Triduum, Alternate, Vigil Reading 1"
Ezek 36:16-28,"Office of Readings, Year I: Sacred Paschal Triduum, Alternate, Vigil Reading 2"
Rom 6:3-11,"Office of Readings, Year I: Sacred Paschal Triduum, Alternate, Vigil Reading 3"
Matt 28:1-10,"Office of Readings, Year I: Sacred Paschal Triduum, Alternate, Vigil Reading 4"
Isa 58:1-12,"Office of Readings, Year II: Ash Wednesday"
Exod 1:1-22,"Office of Readings, Year II: Thursday after Ash Wednesday"
Exod 2:1-22,"Office of Readings, Year II: Friday after Ash Wednesday"
Exod 3:1-20,"Office of Readings, Year II: Saturday after Ash Wednesday"
Exod 5:1-6:1,"Office of Readings, Year II: Sacred Paschal Triduum, Sunday 1"
Exod 6:2-13,"Office of Readings, Year II: Sacred Paschal Triduum, Monday"
Exod 6:29-7:25,"Office of Readings, Year II: Sacred Paschal Triduum, Tuesday"
Exod 10:21-11:10,"Office of Readings, Year II: Sacred Paschal Triduum, Wednesday"
Exod 12:1-20,"Office of Readings, Year II: Sacred Paschal Triduum, Thursday"
Exod 12:21-36,"Office of Readings, Year II: Sacred Paschal Triduum, Friday"
"Exod 12:37-49, 13:11-16","Office of Readings, Year II: Sacred Paschal Triduum, Saturday"
Exod 13:17-14:9,"Office of Readings, Year II: Sacred Paschal Triduum, Sunday 2"
Exod 14:10-31,"Office of Readings, Year II: Sacred Paschal Triduum, Monday"
"Exod 16:1-18, 35","Office of Readings, Year II: Sacred Paschal Triduum, Tuesday"
Exod 17:1-16,"Office of Readings, Year II: Sacred Paschal Triduum, Wednesday"
"Exod 18:5, 13-27","Office of Readings, Year II: Sacred Paschal Triduum, Thursday"
"Exod 19:1-19, 20:18-21","Office of Readings, Year II: Sacred Paschal Triduum, Friday"
Exod 20:1-17,"Office of Readings, Year II: Sacred Paschal Triduum, Saturday"
Exod 22:20-23:9,"Office of Readings, Year II: Sacred Paschal Triduum, Sunday 3"
Exod 24:1-18,"Office of Readings, Year II: Sacred Paschal Triduum, Monday"
Exod 32:1-20,"Office of Readings, Year II: Sacred Paschal Triduum, Tuesday"
"Exod 33:7-11, 12a, 18-23, 34:4-9, 29-35","Office of Readings, Year II: Sacred Paschal Triduum, Wednesday"
Exod 34:10-28,"Office of Readings, Year II: Sacred Paschal Triduum, Thursday"
"Exod 35:30-36:1, 37:1-9","Office of Readings, Year II: Sacred Paschal Triduum, Friday"
Exod 40:16-38,"Office of Readings, Year II: Sacred Paschal Triduum, Saturday"
"Lev 8:1-17, 9:22-24","Office of Readings, Year II: Sacred Paschal Triduum, Sunday 4"
Lev 16:2-28,"Office of Readings, Year II: Sacred Paschal Triduum, Monday"
"Lev 19:1-18, 31-37","Office of Readings, Year II: Sacred Paschal Triduum, Tuesday"
"Lev 26:3-17, 38-45","Office of Readings, Year II: Sacred Paschal Triduum, Wednesday"
"Num 3:1-13, 8:5-11","Office of Readings, Year II: Sacred Paschal Triduum, Thursday"
"Num 9:15-10:10, 33-36","Office of Readings, Year II: Sacred Paschal Triduum, Friday"
"Num 11:4-6, 10-30","Office of Readings, Year II: Sacred Paschal Triduum, Saturday"
Num 12:1-15,"Office of Readings, Year II: Sacred Paschal Triduum, Sunday 5"
"Num 12:16-13:3, 17-33","Office of Readings, Year II: Sacred Paschal Triduum, Monday"
Num 14:1-25,"Office of Readings, Year II: Sacred Paschal Triduum, Tuesday"
"Num 16:1-11, 16-24, 28-35","Office of Readings, Year II: Sacred Paschal Triduum, Wednesday"
"Num 20:1-13, 21:4-9","Office of Readings, Year II: Sacred Paschal Triduum, Thursday"
"Num 22:1-8, 20-35","Office of Readings, Year II: Sacred Paschal Triduum, Friday"
Num 24:1-19,"Office of Readings, Year II: Sacred Paschal Triduum, Saturday"
Jer 26:1-15,"Office of Readings, Year II: Sacred Paschal Triduum, Monday"
Jer 8:13-9:8,"Office of Readings, Year II: Sacred Paschal Triduum, Tuesday"
"Jer 11:18-20, 12:1-13","Office of Readings, Year II: Sacred Paschal Triduum, Wednesday"
"Zech 11:4-14, 13:4-7","Office of Readings, Year II: Sacred Paschal Triduum, Thursday"
Jer 15:10-21,"Office of Readings, Year II: Sacred Paschal Triduum, Optional"
Heb 9:11-28,"Office of Readings, Year II: Friday On the Passion of the Lord (Good Friday)"
Jer 16:1-15,"Office of Readings, Year II: Sacred Paschal Triduum, Alternate"
Lam 2:13-19,"Office of Readings, Year II: Sacred Paschal Triduum, Alternate (Canticle 1)"
Lam 3:1-12,"Office of Readings, Year II: Sacred Paschal Triduum, Alternate (Canticle 2)"
Lam 3:13-24,"Office of Readings, Year II: Sacred Paschal Triduum, Alternate (Canticle 3)"
Heb 4:1-13,"Office of Readings, Year II: Holy Saturday"
Jer 20:7-18,"Office of Readings, Year II: Sacred Paschal Triduum, Alternate"
Lam 3:25-39,"Office of Readings, Year II: Sacred Paschal Triduum, Alternate (Canticle 1)"
"Lam 3:40-42, 49-60","Office of Readings, Year II: Sacred Paschal Triduum, Alternate (Canticle 2)"
"Lam 5:1-7, 13-21","Office of Readings, Year II: Sacred Paschal Triduum, Alternate (Canticle 3)"
Exod 14:15-15:1,"Office of Readings, Year II: Sacred Paschal Triduum, Alternate, Vigil Reading 1"
Ezek 36:16-28,"Office of Readings, Year II: Sacred Paschal Triduum, Alternate, Vigil Reading 2"
Rom 6:3-11,"Office of Readings, Year II: Sacred Paschal Triduum, Alternate, Vigil Reading 3"
Matt 28:1-10,"Office of Readings, Year II: Sacred Paschal Triduum, Alternate, Vigil Reading 4"
Col 3:1-17,"Office of Readings, Year I: Easter, Week 2, Sunday"
Rev 1:1-20,"Office of Readings, Year I: Easter, Week 2, Monday"
Rev 2:1-11,"Office of Readings, Year I: Easter, Week 2, Tuesday"
Rev 2:12-29,"Office of Readings, Year I: Easter, Week 2, Wednesday"
Rev 3:1-22,"Office of Readings, Year I: Easter, Week 2, Thursday"
Rev 4:1-11,"Office of Readings, Year I: Easter, Week 2, Friday"
Rev 5:1-14,"Office of Readings, Year I: Easter, Week 2, Saturday"
Rev 6:1-17,"Office of Readings, Year I: Easter, Week 3, Sunday"
Rev 7:1-17,"Office of Readings, Year I: Easter, Week 3, Monday"
Rev 8:1-13,"Office of Readings, Year I: Easter, Week 3, Tuesday"
Rev 9:1-12,"Office of Readings, Year I: Easter, Week 3, Wednesday"
Rev 9:13-21,"Office of Readings, Year I: Easter, Week 3, Thursday"
Rev 10:1-11,"Office of Readings, Year I: Easter, Week 3, Friday"
Rev 12:1-18,"Office of Readings, Year I: Easter, Week 4, Sunday"
Rev 13:1-18,"Office of Readings, Year I: Easter, Week 4, Monday"
Rev 14:1-13,"Office of Readings, Year I: Easter, Week 4, Tuesday"
Rev 14:14-15:4,"Office of Readings, Year I: Easter, Week 4, Wednesday"
Rev 15:4-16:21,"Office of Readings, Year I: Easter, Week 4, Thursday"
Rev 17:1-18,"Office of Readings, Year I: Easter, Week 4, Friday"
Rev 18:1-20,"Office of Readings, Year I: Easter, Week 4, Saturday"
Rev 18:21-19:10,"Office of Readings, Year I: Easter, Week 5, Sunday"
Rev 19:11-21,"Office of Readings, Year I: Easter, Week 5, Monday"
Rev 20:1-15,"Office of Readings, Year I: Easter, Week 5, Tuesday"
Rev 21:1-8,"Office of Readings, Year I: Easter, Week 5, Wednesday"
Rev 21:9-27,"Office of Readings, Year I: Easter, Week 5, Thursday"
Rev 22:1-9,"Office of Readings, Year I: Easter, Week 5, Friday"
Rev 22:10-21,"Office of Readings, Year I: Easter, Week 5, Saturday"
1 John 1:1-10,"Office of Readings, Year I: Easter, Week 6, Sunday"
1 John 2:1-11,"Office of Readings, Year I: Easter, Week 6, Monday"
1 John 2:12-17,"Office of Readings, Year I: Easter, Week 6, Tuesday"
1 John 2:18-29,"Office of Readings, Year I: Easter, Week 6, Wednesday"
1 John 3:1-10,"Office of Readings, Year I: Easter, Week 6, Friday"
1 John 3:11-17,"Office of Readings, Year I: Easter, Week 6, Saturday"
1 John 3:18-24,"Office of Readings, Year I: Easter, Week 7, Sunday"
1 John 4:1-10,"Office of Readings, Year I: Easter, Week 7, Monday"
1 John 4:11-21,"Office of Readings, Year I: Easter, Week 7, Tuesday"
1 John 5:1-12,"Office of Readings, Year I: Easter, Week 7, Wednesday"
1 John 5:13-21,"Office of Readings, Year I: Easter, Week 7, Thursday"
Rom 8:5-27,"Office of Readings, Year I: Pentecost Sunday"
Acts 1:1-26,"Office of Readings, Year II: Monday within the octave of Easter"
"Acts 2, ","Office of Readings, Year II: Tuesday within the octave of Easter"
Acts 2:22-41,"Office of Readings, Year II: Wednesday within the octave of Easter"
Acts 2:42-3:10,"Office of Readings, Year II: Thursday within the octave of Easter"
Acts 3:11-4:4,"Office of Readings, Year II: Friday within the octave of Easter"
Acts 4:5-31,"Office of Readings, Year II: Saturday within the octave of Easter"
Col 3:1-17,"Office of Readings, Year II: Easter, Week 2, Sunday"
Acts 4:32-5:16,"Office of Readings, Year II: Easter, Week 2, Monday"
Acts 5:17-42,"Office of Readings, Year II: Easter, Week 2, Tuesday"
Acts 6:1-15,"Office of Readings, Year II: Easter, Week 2, Wednesday"
Acts 7:1-16,"Office of Readings, Year II: Easter, Week 2, Thursday"
Acts 7:17-43,"Office of Readings, Year II: Easter, Week 2, Friday"
Acts 7:44-8:3,"Office of Readings, Year II: Easter, Week 2, Saturday"
Acts 8:4-25,"Office of Readings, Year II: Easter, Week 3, Sunday"
Acts 8:26-40,"Office of Readings, Year II: Easter, Week 3, Monday"
Acts 9:1-22,"Office of Readings, Year II: Easter, Week 3, Tuesday"
Acts 9:22-43,"Office of Readings, Year II: Easter, Week 3, Wednesday"
Acts 10:1-33,"Office of Readings, Year II: Easter, Week 3, Thursday"
"Acts 10:34-11:4, 15-18","Office of Readings, Year II: Easter, Week 3, Friday"
Acts 11:19-30,"Office of Readings, Year II: Easter, Week 3, Saturday"
Acts 12:1-23,"Office of Readings, Year II: Easter, Week 4, Sunday"
Acts 12:24-13:14a,"Office of Readings, Year II: Easter, Week 4, Monday"
Acts 13:14b-43,"Office of Readings, Year II: Easter, Week 4, Tuesday"
Acts 13:44-14:7,"Office of Readings, Year II: Easter, Week 4, Wednesday"
Acts 14:8-15:4,"Office of Readings, Year II: Easter, Week 4, Thursday"
Acts 15:5-35,"Office of Readings, Year II: Easter, Week 4, Friday"
Acts 15:36-16:1,"Office of Readings, Year II: Easter, Week 4, Saturday"
Acts 16:16-40,"Office of Readings, Year II: Easter, Week 5, Sunday"
Acts 17:1-18,"Office of Readings, Year II: Easter, Week 5, Monday"
Acts 17:19-34,"Office of Readings, Year II: Easter, Week 5, Tuesday"
Acts 18:1-28,"Office of Readings, Year II: Easter, Week 5, Wednesday"
Acts 19:1-20,"Office of Readings, Year II: Easter, Week 5, Thursday"
Acts 19:21-40,"Office of Readings, Year II: Easter, Week 5, Friday"
Acts 20:1-16,"Office of Readings, Year II: Easter, Week 5, Saturday"
Acts 20:17-38,"Office of Readings, Year II: Easter, Week 6, Sunday"
Acts 21:1-26,"Office of Readings, Year II: Easter, Week 6, Monday"
Acts 21:27-39,"Office of Readings, Year II: Easter, Week 6, Tuesday"
Acts 21:40-22:21,"Office of Readings, Year II: Easter, Week 6, Wednesday"
Acts 22:22-23:41,"Office of Readings, Year II: Easter, Week 6, Friday"
Acts 23:12-35,"Office of Readings, Year II: Easter, Week 6, Saturday"
Acts 24:1-27,"Office of Readings, Year II: Easter, Week 7, Sunday"
Acts 25:1-27,"Office of Readings, Year II: Easter, Week 7, Monday"
Acts 26:1-32,"Office of Readings, Year II: Easter, Week 7, Tuesday"
Acts 27:1-20,"Office of Readings, Year II: Easter, Week 7, Wednesday"
Acts 27:21-40,"Office of Readings, Year II: Easter, Week 7, Thursday"
Acts 28:1-14,"Office of Readings, Year II: Easter, Week 7, Friday"
Acts 28:15-21,"Office of Readings, Year II: Easter, Week 7, Saturday"
Rom 8:5-27,"Office of Readings, Year II: Pentecost Sunday"
1 Cor 2:1-16,"Office of Readings, Year I, II: Sunday I after Pentecost Most Holy Trinity"
Exod 24:1-11,"Office of Readings, Year I, II: Most Holy Body and Blood of Christ (Corpus Christi)"
Rom 8:28-39,"Office of Readings, Year I, II: Most Sacred Heart of Jesus"
Rom 1:1-17,"Office of Readings, Year I: Ordinary Time, Week 1, Monday"
Rom 1:18-32,"Office of Readings, Year I: Ordinary Time, Week 1, Tuesday"
Rom 2:1-16,"Office of Readings, Year I: Ordinary Time, Week 1, Wednesday"
Rom 2:17-29,"Office of Readings, Year I: Ordinary Time, Week 1, Thursday"
Rom 3:1-20,"Office of Readings, Year I: Ordinary Time, Week 1, Friday"
Rom 3:21-31,"Office of Readings, Year I: Ordinary Time, Week 1, Saturday"
Rom 4:1-25,"Office of Readings, Year I: Ordinary Time, Week 2, Sunday"
Rom 5:1-11,"Office of Readings, Year I: Ordinary Time, Week 2, Monday"
Rom 5:12-21,"Office of Readings, Year I: Ordinary Time, Week 2, Tuesday"
Rom 6:1-11,"Office of Readings, Year I: Ordinary Time, Week 2, Wednesday"
Rom 6:12-23,"Office of Readings, Year I: Ordinary Time, Week 2, Thursday"
Rom 8:1-17,"Office of Readings, Year I: Ordinary Time, Week 3, Sunday"
Rom 8:18-39,"Office of Readings, Year I: Ordinary Time, Week 3, Monday"
Rom 9:1-18,"Office of Readings, Year I: Ordinary Time, Week 3, Tuesday"
Rom 9:19-33,"Office of Readings, Year I: Ordinary Time, Week 3, Wednesday"
Rom 10:1-21,"Office of Readings, Year I: Ordinary Time, Week 3, Thursday"
Rom 11:1-12,"Office of Readings, Year I: Ordinary Time, Week 3, Friday"
Rom 11:25-36,"Office of Readings, Year I: Ordinary Time, Week 4, Sunday"
Rom 12:1-21,"Office of Readings, Year I: Ordinary Time, Week 4, Monday"
Rom 13:1-14,"Office of Readings, Year I: Ordinary Time, Week 4, Tuesday"
Rom 14:1-23,"Office of Readings, Year I: Ordinary Time, Week 4, Wednesday"
Rom 15:1-13,"Office of Readings, Year I: Ordinary Time, Week 4, Thursday"
Rom 15:14-33,"Office of Readings, Year I: Ordinary Time, Week 4, Friday"
Rom 16:1-27,"Office of Readings, Year I: Ordinary Time, Week 4, Saturday"
1 Cor 1:1-17,"Office of Readings, Year I: Ordinary Time, Week 5, Sunday"
1 Cor 1:18-31,"Office of Readings, Year I: Ordinary Time, Week 5, Monday"
1 Cor 2:1-16,"Office of Readings, Year I: Ordinary Time, Week 5, Tuesday"
1 Cor 3:1-23,"Office of Readings, Year I: Ordinary Time, Week 5, Wednesday"
1 Cor 4:1-21,"Office of Readings, Year I: Ordinary Time, Week 5, Thursday"
1 Cor 5:1-13,"Office of Readings, Year I: Ordinary Time, Week 5, Friday"
1 Cor 6:1-11,"Office of Readings, Year I: Ordinary Time, Week 5, Saturday"
1 Cor 6:12-20,"Office of Readings, Year I: Ordinary Time, Week 6, Sunday"
1 Cor 7:1-24,"Office of Readings, Year I: Ordinary Time, Week 6, Monday"
1 Cor 7:25-40,"Office of Readings, Year I: Ordinary Time, Week 6, Tuesday"
1 Cor 8:1-13,"Office of Readings, Year I: Ordinary Time, Week 6, Wednesday"
1 Cor 9:1-18,"Office of Readings, Year I: Ordinary Time, Week 6, Thursday"
1 Cor 9:19-27,"Office of Readings, Year I: Ordinary Time, Week 6, Friday"
1 Cor 10:1-14,"Office of Readings, Year I: Ordinary Time, Week 6, Saturday"
1 Cor 10:14-11:1,"Office of Readings, Year I: Ordinary Time, Week 7, Sunday"
1 Cor 11:2-16,"Office of Readings, Year I: Ordinary Time, Week 7, Monday"
1 Cor 11:17-34,"Office of Readings, Year I: Ordinary Time, Week 7, Tuesday"
1 Cor 12:1-11,"Office of Readings, Year I: Ordinary Time, Week 7, Wednesday"
1 Cor 12:12-31a,"Office of Readings, Year I: Ordinary Time, Week 7, Thursday"
1 Cor 12:31b-13:13,"Office of Readings, Year I: Ordinary Time, Week 7, Friday"
1 Cor 14:1-19,"Office of Readings, Year I: Ordinary Time, Week 7, Saturday"
1 Cor 14:20-40,"Office of Readings, Year I: Ordinary Time, Week 8, Sunday"
1 Cor 15:1-19,"Office of Readings, Year I: Ordinary Time, Week 8, Monday"
1 Cor 15:20-34,"Office of Readings, Year I: Ordinary Time, Week 8, Tuesday"
1 Cor 15:35-58,"Office of Readings, Year I: Ordinary Time, Week 8, Wednesday"
1 Cor 16:1-24,"Office of Readings, Year I: Ordinary Time, Week 8, Thursday"
Jas 1:1-18,"Office of Readings, Year I: Ordinary Time, Week 8, Friday"
Jas 1:19-27,"Office of Readings, Year I: Ordinary Time, Week 8, Saturday"
Jas 2:1-13,"Office of Readings, Year I: Ordinary Time, Week 9, Sunday"
Jas 2:14-26,"Office of Readings, Year I: Ordinary Time, Week 9, Monday"
Jas 3:1-12,"Office of Readings, Year I: Ordinary Time, Week 9, Tuesday"
Jas 3:13-18,"Office of Readings, Year I: Ordinary Time, Week 9, Wednesday"
Jas 4:1-12,"Office of Readings, Year I: Ordinary Time, Week 9, Thursday"
Jas 4:13-5:11,"Office of Readings, Year I: Ordinary Time, Week 9, Friday"
Jas 5:12-20,"Office of Readings, Year I: Ordinary Time, Week 9, Saturday"
Sir 46:1-12,"Office of Readings, Year I: Ordinary Time, Week 10, Sunday"
Josh 1:1-18,"Office of Readings, Year I: Ordinary Time, Week 10, Monday"
Josh 2:1-24,"Office of Readings, Year I: Ordinary Time, Week 10, Tuesday"
"Josh 3:1-17, 4:14-19, 5:10-12","Office of Readings, Year I: Ordinary Time, Week 10, Wednesday"
Josh 5:13-6:21,"Office of Readings, Year I: Ordinary Time, Week 10, Thursday"
Josh 7:4-26,"Office of Readings, Year I: Ordinary Time, Week 10, Friday"
"Josh 10:1-14, 11:15-17","Office of Readings, Year I: Ordinary Time, Week 10, Saturday"
"Josh 24:1-7, 13-28","Office of Readings, Year I: Ordinary Time, Week 11, Sunday"
Judg 2:6-3:4,"Office of Readings, Year I: Ordinary Time, Week 11, Monday"
Judg 4:1-24,"Office of Readings, Year I: Ordinary Time, Week 11, Tuesday"
"Judg 6:1-6, 11-24a","Office of Readings, Year I: Ordinary Time, Week 11, Wednesday"
"Judg 6:33-35, 7:1-8, 16-22","Office of Readings, Year I: Ordinary Time, Week 11, Thursday"
"Judg 8:22-23, 30-32, 9:1-15, 19-20","Office of Readings, Year I: Ordinary Time, Week 11, Friday"
"Judg 11:1-9, 29-40","Office of Readings, Year I: Ordinary Time, Week 11, Saturday"
Judg 13:1-25,"Office of Readings, Year I: Ordinary Time, Week 12, Sunday"
"Judg 16:4-6, 16-31","Office of Readings, Year I: Ordinary Time, Week 12, Monday"
1 Sam 1:1-19,"Office of Readings, Year I: Ordinary Time, Week 12, Tuesday"
"1 Sam 1:20-28, 2:11-21","Office of Readings, Year I: Ordinary Time, Week 12, Wednesday"
1 Sam 2:22-36,"Office of Readings, Year I: Ordinary Time, Week 12, Thursday"
1 Sam 3:1-21,"Office of Readings, Year I: Ordinary Time, Week 12, Friday"
1 Sam 4:1-18,"Office of Readings, Year I: Ordinary Time, Week 12, Saturday"
"1 Sam 5:1-6, 6:1-5a, 10-12, 19-21, 7:1","Office of Readings, Year I: Ordinary Time, Week 13, Sunday"
1 Sam 7:15-8:22,"Office of Readings, Year I: Ordinary Time, Week 13, Monday"
"1 Sam 9:1-6, 9:14-10:1","Office of Readings, Year I: Ordinary Time, Week 13, Tuesday"
1 Sam 11:1-15,"Office of Readings, Year I: Ordinary Time, Week 13, Wednesday"
1 Sam 12:1-25,"Office of Readings, Year I: Ordinary Time, Week 13, Thursday"
1 Sam 15:1-23,"Office of Readings, Year I: Ordinary Time, Week 13, Friday"
1 Sam 16:1-13,"Office of Readings, Year I: Ordinary Time, Week 13, Saturday"
"1 Sam 17:1-10, 23b-26, 40-51","Office of Readings, Year I: Ordinary Time, Week 14, Sunday"
"1 Sam 17:57-18:9, 20-30","Office of Readings, Year I: Ordinary Time, Week 14, Monday"
"1 Sam 19:8-10, 20:1-17","Office of Readings, Year I: Ordinary Time, Week 14, Tuesday"
"1 Sam 21:1-10, 22:1-5","Office of Readings, Year I: Ordinary Time, Week 14, Wednesday"
"1 Sam 25:14-24, 28-39","Office of Readings, Year I: Ordinary Time, Week 14, Thursday"
1 Sam 26:5-25,"Office of Readings, Year I: Ordinary Time, Week 14, Friday"
1 Sam 28:3-25,"Office of Readings, Year I: Ordinary Time, Week 14, Saturday"
"1 Sam 31:1-4, 2","Office of Readings, Year I: Ordinary Time, Week 15, Sunday"
"2 Sam 2:1-11, 3:1-5","Office of Readings, Year I: Ordinary Time, Week 15, Monday"
2 Sam 4:2-5:7,"Office of Readings, Year I: Ordinary Time, Week 15, Tuesday"
2 Sam 6:1-23,"Office of Readings, Year I: Ordinary Time, Week 15, Wednesday"
2 Sam 7:1-25,"Office of Readings, Year I: Ordinary Time, Week 15, Thursday"
"2 Sam 11:1-17, 26-27","Office of Readings, Year I: Ordinary Time, Week 15, Friday"
2 Sam 12:1-25,"Office of Readings, Year I: Ordinary Time, Week 15, Saturday"
"2 Sam 15:7-14, 24-30, 16:5-13","Office of Readings, Year I: Ordinary Time, Week 16, Sunday"
"2 Sam 18:6-17, 18:24-19:5","Office of Readings, Year I: Ordinary Time, Week 16, Monday"
"2 Sam 24:1-4, 10-18, 24b-25","Office of Readings, Year I: Ordinary Time, Week 16, Tuesday"
1 Chr 22:5-19,"Office of Readings, Year I: Ordinary Time, Week 16, Wednesday"
"1 Kgs 1:11-35, 2:10-12","Office of Readings, Year I: Ordinary Time, Week 16, Thursday"
1 Kgs 3:5-28,"Office of Readings, Year I: Ordinary Time, Week 16, Friday"
1 Kgs 8:1-21,"Office of Readings, Year I: Ordinary Time, Week 16, Saturday"
"1 Kgs 8:22-34, 54-61","Office of Readings, Year I: Ordinary Time, Week 17, Sunday"
1 Kgs 10:1-13,"Office of Readings, Year I: Ordinary Time, Week 17, Monday"
"1 Kgs 11:1-4, 26-43","Office of Readings, Year I: Ordinary Time, Week 17, Tuesday"
1 Kgs 12:1-19,"Office of Readings, Year I: Ordinary Time, Week 17, Wednesday"
1 Kgs 12:20-33,"Office of Readings, Year I: Ordinary Time, Week 17, Thursday"
1 Kgs 16:29-17:16,"Office of Readings, Year I: Ordinary Time, Week 17, Friday"
1 Kgs 18:16b-40,"Office of Readings, Year I: Ordinary Time, Week 17, Saturday"
"1 Kgs 19:1-9a, 11-21","Office of Readings, Year I: Ordinary Time, Week 18, Sunday"
"1 Kgs 21:1-21, 27-29","Office of Readings, Year I: Ordinary Time, Week 18, Monday"
"1 Kgs 22:1-9, 15-23, 29, 34-38","Office of Readings, Year I: Ordinary Time, Week 18, Tuesday"
"2 Chr 20:1-9, 13-24","Office of Readings, Year I: Ordinary Time, Week 18, Wednesday"
2 Kgs 2:1-15,"Office of Readings, Year I: Ordinary Time, Week 18, Thursday"
2 Kgs 3:5-27,"Office of Readings, Year I: Ordinary Time, Week 18, Friday"
2 Kgs 4:8-37,"Office of Readings, Year I: Ordinary Time, Week 18, Saturday"
"2 Kgs 4:38-44, 6:1-7","Office of Readings, Year I: Ordinary Time, Week 19, Sunday"
2 Kgs 5:1-19,"Office of Readings, Year I: Ordinary Time, Week 19, Monday"
2 Kgs 6:8-23,"Office of Readings, Year I: Ordinary Time, Week 19, Tuesday"
"2 Kgs 6:24-25, 6:32-7:16","Office of Readings, Year I: Ordinary Time, Week 19, Wednesday"
"2 Kgs 9:1-16, 22-27","Office of Readings, Year I: Ordinary Time, Week 19, Thursday"
2 Kgs 11:1-12:1,"Office of Readings, Year I: Ordinary Time, Week 19, Friday"
2 Kgs 13:10-25,"Office of Readings, Year I: Ordinary Time, Week 19, Saturday"
Eph 1:1-14,"Office of Readings, Year I: Ordinary Time, Week 20, Sunday"
Eph 1:15-23,"Office of Readings, Year I: Ordinary Time, Week 20, Monday"
Eph 2:1-10,"Office of Readings, Year I: Ordinary Time, Week 20, Tuesday"
Eph 2:11-22,"Office of Readings, Year I: Ordinary Time, Week 20, Wednesday"
Eph 3:1-13,"Office of Readings, Year I: Ordinary Time, Week 20, Thursday"
Eph 3:14-21,"Office of Readings, Year I: Ordinary Time, Week 20, Friday"
Eph 4:1-16,"Office of Readings, Year I: Ordinary Time, Week 20, Saturday"
Eph 4:17-24,"Office of Readings, Year I: Ordinary Time, Week 21, Sunday"
Eph 5:22-33,"Office of Readings, Year I: Ordinary Time, Week 21, Wednesday"
Eph 6:1-9,"Office of Readings, Year I: Ordinary Time, Week 21, Thursday"
Eph 6:10-24,"Office of Readings, Year I: Ordinary Time, Week 21, Friday"
Phlm 1:1-25,"Office of Readings, Year I: Ordinary Time, Week 21, Saturday"
2 Kgs 14:1-27,"Office of Readings, Year I: Ordinary Time, Week 22, Sunday"
Amos 1:1-2:3,"Office of Readings, Year I: Ordinary Time, Week 22, Monday"
Amos 2:4-16,"Office of Readings, Year I: Ordinary Time, Week 22, Tuesday"
Amos 3:1-15,"Office of Readings, Year I: Ordinary Time, Week 22, Wednesday"
Amos 4:1-13,"Office of Readings, Year I: Ordinary Time, Week 22, Thursday"
Amos 5:1-17,"Office of Readings, Year I: Ordinary Time, Week 22, Friday"
Amos 5:18-6:14,"Office of Readings, Year I: Ordinary Time, Week 22, Saturday"
Amos 7:1-17,"Office of Readings, Year I: Ordinary Time, Week 23, Sunday"
Amos 8:1-14,"Office of Readings, Year I: Ordinary Time, Week 23, Monday"
Amos 9:1-15,"Office of Readings, Year I: Ordinary Time, Week 23, Tuesday"
"Hos 1:1-9, 3:1-5","Office of Readings, Year I: Ordinary Time, Week 23, Wednesday"
Hos 2:4-26,"Office of Readings, Year I: Ordinary Time, Week 23, Thursday"
"Hos 4:1-10, 5:1-7","Office of Readings, Year I: Ordinary Time, Week 23, Friday"
Hos 5:15b-7:2,"Office of Readings, Year I: Ordinary Time, Week 23, Saturday"
Hos 8:1-14,"Office of Readings, Year I: Ordinary Time, Week 24, Sunday"
Hos 9:1-14,"Office of Readings, Year I: Ordinary Time, Week 24, Monday"
Hos 10:1-15,"Office of Readings, Year I: Ordinary Time, Week 24, Tuesday"
Hos 11:1-11,"Office of Readings, Year I: Ordinary Time, Week 24, Wednesday"
Hos 13:1-14:1,"Office of Readings, Year I: Ordinary Time, Week 24, Thursday"
Hos 14:2-10,"Office of Readings, Year I: Ordinary Time, Week 24, Friday"
"2 Kgs 15:1-5, 32-35, 16:1-8","Office of Readings, Year I: Ordinary Time, Week 24, Saturday"
Isa 6:1-13,"Office of Readings, Year I: Ordinary Time, Week 25, Sunday"
Isa 3:1-15,"Office of Readings, Year I: Ordinary Time, Week 25, Monday"
"Isa 5:8-13, 17-24","Office of Readings, Year I: Ordinary Time, Week 25, Tuesday"
Isa 7:1-17,"Office of Readings, Year I: Ordinary Time, Week 25, Wednesday"
Isa 9:7-10:4,"Office of Readings, Year I: Ordinary Time, Week 25, Thursday"
"Isa 28:1-6, 14-22","Office of Readings, Year I: Ordinary Time, Week 25, Friday"
"Mic 1:1-9, 2:1-11","Office of Readings, Year I: Ordinary Time, Week 25, Saturday"
Mic 3:1-12,"Office of Readings, Year I: Ordinary Time, Week 26, Sunday"
Mic 6:1-15,"Office of Readings, Year I: Ordinary Time, Week 26, Monday"
2 Kgs 17:1-18,"Office of Readings, Year I: Ordinary Time, Week 26, Tuesday"
2 Kgs 17:24-41,"Office of Readings, Year I: Ordinary Time, Week 26, Wednesday"
"2 Chr 29:1-2, 30:1-16a","Office of Readings, Year I: Ordinary Time, Week 26, Thursday"
Isa 20:1-6,"Office of Readings, Year I: Ordinary Time, Week 26, Friday"
2 Kgs 20:1-19,"Office of Readings, Year I: Ordinary Time, Week 26, Saturday"
Isa 22:1-14,"Office of Readings, Year I: Ordinary Time, Week 27, Sunday"
Isa 30:1-18,"Office of Readings, Year I: Ordinary Time, Week 27, Monday"
2 Kgs 18:17-36,"Office of Readings, Year I: Ordinary Time, Week 27, Tuesday"
"2 Kgs 18:37-19:19, 35-37","Office of Readings, Year I: Ordinary Time, Week 27, Wednesday"
Isa 37:21-35,"Office of Readings, Year I: Ordinary Time, Week 27, Thursday"
"2 Kgs 21:1-18, 21:23-22:1a","Office of Readings, Year I: Ordinary Time, Week 27, Friday"
"Zeph 1:1-7, 1:14-2:3","Office of Readings, Year I: Ordinary Time, Week 27, Saturday"
Zeph 3:8-20,"Office of Readings, Year I: Ordinary Time, Week 28, Sunday"
Jer 1:1-19,"Office of Readings, Year I: Ordinary Time, Week 28, Monday"
"Jer 2:1-13, 20-25","Office of Readings, Year I: Ordinary Time, Week 28, Tuesday"
"Jer 3:1-5, 3:19-4:4","Office of Readings, Year I: Ordinary Time, Week 28, Wednesday"
"Jer 4:5-8, 13-28","Office of Readings, Year I: Ordinary Time, Week 28, Thursday"
Jer 7:1-20,"Office of Readings, Year I: Ordinary Time, Week 28, Friday"
"Jer 9:1-11, 16-21","Office of Readings, Year I: Ordinary Time, Week 28, Saturday"
"2 Kgs 22:8, 22:10-23:4, 21-23","Office of Readings, Year I: Ordinary Time, Week 29, Sunday"
"Nah 1:1-8, 3:1-7, 12-15a","Office of Readings, Year I: Ordinary Time, Week 29, Monday"
2 Chr 35:20-36:12,"Office of Readings, Year I: Ordinary Time, Week 29, Tuesday"
Hab 1:1-2:4,"Office of Readings, Year I: Ordinary Time, Week 29, Wednesday"
Hab 2:5-20,"Office of Readings, Year I: Ordinary Time, Week 29, Thursday"
Jer 22:10-30,"Office of Readings, Year I: Ordinary Time, Week 29, Friday"
"Jer 19:1-5, 19:10-20:6","Office of Readings, Year I: Ordinary Time, Week 29, Saturday"
"Jer 23:9-17, 21-29","Office of Readings, Year I: Ordinary Time, Week 30, Sunday"
"Jer 25:15-17, 27-38","Office of Readings, Year I: Ordinary Time, Week 30, Monday"
"Jer 36:1-10, 21-32","Office of Readings, Year I: Ordinary Time, Week 30, Tuesday"
Jer 24:1-10,"Office of Readings, Year I: Ordinary Time, Week 30, Wednesday"
Jer 27:1-15,"Office of Readings, Year I: Ordinary Time, Week 30, Thursday"
Jer 28:1-17,"Office of Readings, Year I: Ordinary Time, Week 30, Friday"
Jer 29:1-14,"Office of Readings, Year I: Ordinary Time, Week 30, Saturday"
"2 Kgs 24:20b-25:13, 18-21","Office of Readings, Year I: Ordinary Time, Week 31, Sunday"
"Jer 37:21, 38:14-28","Office of Readings, Year I: Ordinary Time, Week 31, Monday"
"Jer 32:6-10, 16, 24-40","Office of Readings, Year I: Ordinary Time, Week 31, Tuesday"
Jer 30:18-31:9,"Office of Readings, Year I: Ordinary Time, Week 31, Wednesday"
"Jer 31:15-22, 27-34","Office of Readings, Year I: Ordinary Time, Week 31, Thursday"
"Jer 42:1-16, 43:4-7","Office of Readings, Year I: Ordinary Time, Week 31, Friday"
"Ezek 1:3-14, 22-28","Office of Readings, Year I: Ordinary Time, Week 31, Saturday"
"Ezek 2:8-3:11, 16-21","Office of Readings, Year I: Ordinary Time, Week 32, Sunday"
Ezek 5:1-17,"Office of Readings, Year I: Ordinary Time, Week 32, Monday"
"Ezek 8:1-6, 8:16-9:11","Office of Readings, Year I: Ordinary Time, Week 32, Tuesday"
"Ezek 10:18-22, 11:14-25","Office of Readings, Year I: Ordinary Time, Week 32, Wednesday"
Ezek 12:1-16,"Office of Readings, Year I: Ordinary Time, Week 32, Thursday"
Ezek 13:1-16,"Office of Readings, Year I: Ordinary Time, Week 32, Friday"
Ezek 14:12-23,"Office of Readings, Year I: Ordinary Time, Week 32, Saturday"
"Ezek 16:3, 5b-7a, 8-15, 35, 37a, 40-43, 59-63","Office of Readings, Year I: Ordinary Time, Week 33, Sunday"
"Ezek 17:3-15, 19-22","Office of Readings, Year I: Ordinary Time, Week 33, Monday"
"Ezek 18:1-13, 20-32","Office of Readings, Year I: Ordinary Time, Week 33, Tuesday"
Ezek 20:27-44,"Office of Readings, Year I: Ordinary Time, Week 33, Wednesday"
Ezek 24:15-27,"Office of Readings, Year I: Ordinary Time, Week 33, Thursday"
Ezek 28:1-19,"Office of Readings, Year I: Ordinary Time, Week 33, Friday"
"Ezek 34:1-6, 11-16, 23-31","Office of Readings, Year I: Ordinary Time, Week 33, Saturday"
"Rev 1:4-6, 10, 12-18, 2:26, 28, 3:5, 12, 20-21","Office of Readings, Year I: Sunday Solemnity of Our Lord Jesus Christ, King of the Universe"
Ezek 36:16-36,"Office of Readings, Year I: Ordinary Time, Week 34, Monday"
Ezek 37:1-14,"Office of Readings, Year I: Ordinary Time, Week 34, Tuesday"
Ezek 37:15-28,"Office of Readings, Year I: Ordinary Time, Week 34, Wednesday"
Ezek 38:14-39:10,"Office of Readings, Year I: Ordinary Time, Week 34, Thursday"
"Ezek 40:1-4, 43:1-12, 44:6-9","Office of Readings, Year I: Ordinary Time, Week 34, Friday"
Ezek 47:1-12,"Office of Readings, Year I: Ordinary Time, Week 34, Saturday"
Gen 1:1-2:4a,"Office of Readings, Year II: Ordinary Time, Week 1, Monday"
"Gen 2:4b-9, 15-25","Office of Readings, Year II: Ordinary Time, Week 1, Tuesday"
Gen 3:1-24,"Office of Readings, Year II: Ordinary Time, Week 1, Wednesday"
Gen 4:1-24,"Office of Readings, Year II: Ordinary Time, Week 1, Thursday"
"Gen 6:5-22, 7:17-24","Office of Readings, Year II: Ordinary Time, Week 1, Friday"
Gen 8:1-22,"Office of Readings, Year II: Ordinary Time, Week 1, Saturday"
Gen 9:1-17,"Office of Readings, Year II: Ordinary Time, Week 2, Sunday"
Gen 11:1-26,"Office of Readings, Year II: Ordinary Time, Week 2, Monday"
"Gen 12:1-9, 13:2-18","Office of Readings, Year II: Ordinary Time, Week 2, Tuesday"
Gen 14:1-24,"Office of Readings, Year II: Ordinary Time, Week 2, Wednesday"
Gen 15:1-21,"Office of Readings, Year II: Ordinary Time, Week 2, Thursday"
Gen 16:1-16,"Office of Readings, Year II: Ordinary Time, Week 2, Friday"
Gen 17:1-27,"Office of Readings, Year II: Ordinary Time, Week 2, Saturday"
Gen 18:1-33,"Office of Readings, Year II: Ordinary Time, Week 3, Sunday"
"Gen 19:1-17, 23-29","Office of Readings, Year II: Ordinary Time, Week 3, Monday"
Gen 21:1-21,"Office of Readings, Year II: Ordinary Time, Week 3, Tuesday"
Gen 22:1-19,"Office of Readings, Year II: Ordinary Time, Week 3, Wednesday"
Gen 24:1-27,"Office of Readings, Year II: Ordinary Time, Week 3, Thursday"
"Gen 24:32-41, 49-67","Office of Readings, Year II: Ordinary Time, Week 3, Friday"
"Gen 25:7-11, 19-34","Office of Readings, Year II: Ordinary Time, Week 3, Saturday"
Gen 27:1-29,"Office of Readings, Year II: Ordinary Time, Week 4, Sunday"
Gen 27:30-45,"Office of Readings, Year II: Ordinary Time, Week 4, Monday"
Gen 28:10-29:14,"Office of Readings, Year II: Ordinary Time, Week 4, Tuesday"
Gen 31:1-18,"Office of Readings, Year II: Ordinary Time, Week 4, Wednesday"
Gen 32:3-30,"Office of Readings, Year II: Ordinary Time, Week 4, Thursday"
Gen 35:1-29,"Office of Readings, Year II: Ordinary Time, Week 4, Friday"
"Gen 37:2-4, 12-36","Office of Readings, Year II: Ordinary Time, Week 4, Saturday"
Gen 39:1-23,"Office of Readings, Year II: Ordinary Time, Week 5, Sunday"
"Gen 41:1-17a, 25-43","Office of Readings, Year II: Ordinary Time, Week 5, Monday"
Gen 41:56-42:26,"Office of Readings, Year II: Ordinary Time, Week 5, Tuesday"
"Gen 43:1-11, 13-17, 26-34","Office of Readings, Year II: Ordinary Time, Week 5, Wednesday"
"Gen 44:1-20, 30-34","Office of Readings, Year II: Ordinary Time, Week 5, Thursday"
"Gen 45:1-15, 45:21-46:7","Office of Readings, Year II: Ordinary Time, Week 5, Friday"
Gen 49:1-32,"Office of Readings, Year II: Ordinary Time, Week 5, Saturday"
1 Thess 1:1-2:12,"Office of Readings, Year II: Ordinary Time, Week 6, Sunday"
1 Thess 2:13-3:13,"Office of Readings, Year II: Ordinary Time, Week 6, Monday"
1 Thess 4:1-18,"Office of Readings, Year II: Ordinary Time, Week 6, Tuesday"
1 Thess 5:1-28,"Office of Readings, Year II: Ordinary Time, Week 6, Wednesday"
2 Thess 1:1-12,"Office of Readings, Year II: Ordinary Time, Week 6, Thursday"
2 Thess 2:1-17,"Office of Readings, Year II: Ordinary Time, Week 6, Friday"
2 Thess 3:1-18,"Office of Readings, Year II: Ordinary Time, Week 6, Saturday"
2 Cor 1:1-14,"Office of Readings, Year II: Ordinary Time, Week 7, Sunday"
2 Cor 1:15-2:11,"Office of Readings, Year II: Ordinary Time, Week 7, Monday"
2 Cor 2:12-3:6,"Office of Readings, Year II: Ordinary Time, Week 7, Tuesday"
2 Cor 3:7-4:4,"Office of Readings, Year II: Ordinary Time, Week 7, Wednesday"
2 Cor 4:5-18,"Office of Readings, Year II: Ordinary Time, Week 7, Thursday"
2 Cor 5:1-21,"Office of Readings, Year II: Ordinary Time, Week 7, Friday"
2 Cor 6:1-7:1,"Office of Readings, Year II: Ordinary Time, Week 7, Saturday"
2 Cor 7:2-16,"Office of Readings, Year II: Ordinary Time, Week 8, Sunday"
2 Cor 8:1-24,"Office of Readings, Year II: Ordinary Time, Week 8, Monday"
2 Cor 9:1-15,"Office of Readings, Year II: Ordinary Time, Week 8, Tuesday"
2 Cor 10:1-11:6,"Office of Readings, Year II: Ordinary Time, Week 8, Wednesday"
2 Cor 11:7-29,"Office of Readings, Year II: Ordinary Time, Week 8, Thursday"
2 Cor 11:30-12:13,"Office of Readings, Year II: Ordinary Time, Week 8, Friday"
2 Cor 12:14-13:13,"Office of Readings, Year II: Ordinary Time, Week 8, Saturday"
Gal 1:1-12,"Office of Readings, Year II: Ordinary Time, Week 9, Sunday"
Gal 1:13-2:10,"Office of Readings, Year II: Ordinary Time, Week 9, Monday"
Gal 2:11-3:14,"Office of Readings, Year II: Ordinary Time, Week 9, Tuesday"
Gal 3:15-4:7,"Office of Readings, Year II: Ordinary Time, Week 9, Wednesday"
Gal 4:8-31,"Office of Readings, Year II: Ordinary Time, Week 9, Thursday"
Gal 5:1-25,"Office of Readings, Year II: Ordinary Time, Week 9, Friday"
Gal 5:25-6:18,"Office of Readings, Year II: Ordinary Time, Week 9, Saturday"
Phil 1:1-11,"Office of Readings, Year II: Ordinary Time, Week 10, Sunday"
Phil 1:12-26,"Office of Readings, Year II: Ordinary Time, Week 10, Monday"
Phil 1:27-2:11,"Office of Readings, Year II: Ordinary Time, Week 10, Tuesday"
Phil 3:1-16,"Office of Readings, Year II: Ordinary Time, Week 10, Thursday"
Phil 4:10-23,"Office of Readings, Year II: Ordinary Time, Week 10, Saturday"
Isa 44:21-45:3,"Office of Readings, Year II: Ordinary Time, Week 11, Sunday"
"Ezr 1:1-8, 2:68-3:8","Office of Readings, Year II: Ordinary Time, Week 11, Monday"
"Ezr 4:1-5, 4:24-5:5","Office of Readings, Year II: Ordinary Time, Week 11, Tuesday"
Hag 1:1-2:9,"Office of Readings, Year II: Ordinary Time, Week 11, Wednesday"
Hag 2:10-23,"Office of Readings, Year II: Ordinary Time, Week 11, Thursday"
Zech 1:1-2:4,"Office of Readings, Year II: Ordinary Time, Week 11, Friday"
Zech 2:5-17,"Office of Readings, Year II: Ordinary Time, Week 11, Saturday"
Zech 3:1-4:14,"Office of Readings, Year II: Ordinary Time, Week 12, Sunday"
"Zech 8:1-17, 20-23","Office of Readings, Year II: Ordinary Time, Week 12, Monday"
"Ezr 6:1-5, 14-22","Office of Readings, Year II: Ordinary Time, Week 12, Tuesday"
Ezr 7:6-28,"Office of Readings, Year II: Ordinary Time, Week 12, Wednesday"
"Ezr 9:1-9, 9:15-10:5","Office of Readings, Year II: Ordinary Time, Week 12, Thursday"
Neh 1:1-2:8,"Office of Readings, Year II: Ordinary Time, Week 12, Friday"
Neh 2:9-20,"Office of Readings, Year II: Ordinary Time, Week 12, Saturday"
Neh 4:1-17,"Office of Readings, Year II: Ordinary Time, Week 13, Sunday"
Neh 5:1-19,"Office of Readings, Year II: Ordinary Time, Week 13, Monday"
Neh 7:72b-8:18,"Office of Readings, Year II: Ordinary Time, Week 13, Tuesday"
"Neh 9:1-2, 5-21","Office of Readings, Year II: Ordinary Time, Week 13, Wednesday"
Neh 9:22-37,"Office of Readings, Year II: Ordinary Time, Week 13, Thursday"
Neh 12:27-47,"Office of Readings, Year II: Ordinary Time, Week 13, Friday"
Isa 59:1-14,"Office of Readings, Year II: Ordinary Time, Week 13, Saturday"
"Prov 1:1-7, 20-33","Office of Readings, Year II: Ordinary Time, Week 14, Sunday"
Prov 3:1-20,"Office of Readings, Year II: Ordinary Time, Week 14, Monday"
"Prov 8:1-5, 12-36","Office of Readings, Year II: Ordinary Time, Week 14, Tuesday"
Prov 9:1-18,"Office of Readings, Year II: Ordinary Time, Week 14, Wednesday"
Prov 10:6-32,"Office of Readings, Year II: Ordinary Time, Week 14, Thursday"
"Prov 15:8-9, 16-17, 25-26, 29, 33, 16:1-9, 17, ","Office of Readings, Year II: Ordinary Time, Week 14, Friday"
Prov 31:10-31,"Office of Readings, Year II: Ordinary Time, Week 14, Saturday"
Job 1:1-22,"Office of Readings, Year II: Ordinary Time, Week 15, Sunday"
Job 2:1-13,"Office of Readings, Year II: Ordinary Time, Week 15, Monday"
Job 3:1-26,"Office of Readings, Year II: Ordinary Time, Week 15, Tuesday"
Job 4:1-21,"Office of Readings, Year II: Ordinary Time, Week 15, Wednesday"
Job 6:1-30,"Office of Readings, Year II: Ordinary Time, Week 15, Friday"
Job 7:1-21,"Office of Readings, Year II: Ordinary Time, Week 15, Saturday"
Job 11:1-20,"Office of Readings, Year II: Ordinary Time, Week 16, Sunday"
Job 12:1-25,"Office of Readings, Year II: Ordinary Time, Week 16, Monday"
Job 13:13-14:6,"Office of Readings, Year II: Ordinary Time, Week 16, Tuesday"
Job 18:1-21,"Office of Readings, Year II: Ordinary Time, Week 16, Wednesday"
Job 19:1-29,"Office of Readings, Year II: Ordinary Time, Week 16, Thursday"
Job 22:1-30,"Office of Readings, Year II: Ordinary Time, Week 16, Friday"
Job 23:1-24:12,"Office of Readings, Year II: Ordinary Time, Week 16, Saturday"
Job 28:1-28,"Office of Readings, Year II: Ordinary Time, Week 17, Sunday"
"Job 29:1-10, 30:1, 9-23","Office of Readings, Year II: Ordinary Time, Week 17, Monday"
"Job 31:1-8, 13-23, 35-37","Office of Readings, Year II: Ordinary Time, Week 17, Tuesday"
"Job 32:1-6, 33:1-22","Office of Readings, Year II: Ordinary Time, Week 17, Wednesday"
"Job 38:1-30, 40:1-5","Office of Readings, Year II: Ordinary Time, Week 17, Thursday"
"Job 40:6-24, 42:1-6","Office of Readings, Year II: Ordinary Time, Week 17, Friday"
Job 42:7-16,"Office of Readings, Year II: Ordinary Time, Week 17, Saturday"
Ob 1:1-21,"Office of Readings, Year II: Ordinary Time, Week 18, Sunday"
"Joel 1:1, 1:13-2:11","Office of Readings, Year II: Ordinary Time, Week 18, Monday"
Joel 2:12-27,"Office of Readings, Year II: Ordinary Time, Week 18, Tuesday"
Joel 3:1-4:8,"Office of Readings, Year II: Ordinary Time, Week 18, Wednesday"
Joel 4:9-21,"Office of Readings, Year II: Ordinary Time, Week 18, Thursday"
"Mal 1:1-14, 2:13-16","Office of Readings, Year II: Ordinary Time, Week 18, Friday"
Mal 3:1-24,"Office of Readings, Year II: Ordinary Time, Week 18, Saturday"
"Jonah 1:1-2:1-2, 11","Office of Readings, Year II: Ordinary Time, Week 19, Sunday"
Jonah 3:1-4:11,"Office of Readings, Year II: Ordinary Time, Week 19, Monday"
Zech 9:1-10:2,"Office of Readings, Year II: Ordinary Time, Week 19, Tuesday"
Zech 10:3-11:3,"Office of Readings, Year II: Ordinary Time, Week 19, Wednesday"
Zech 11:4-12:8,"Office of Readings, Year II: Ordinary Time, Week 19, Thursday"
"Zech 12:9-12a, 13:1-9","Office of Readings, Year II: Ordinary Time, Week 19, Friday"
Zech 14:1-21,"Office of Readings, Year II: Ordinary Time, Week 19, Saturday"
Eccl 1:1-18,"Office of Readings, Year II: Ordinary Time, Week 20, Sunday"
"Eccl 2:1-3, 12-26","Office of Readings, Year II: Ordinary Time, Week 20, Monday"
Eccl 3:1-22,"Office of Readings, Year II: Ordinary Time, Week 20, Tuesday"
Eccl 5:9-6:8,"Office of Readings, Year II: Ordinary Time, Week 20, Wednesday"
Eccl 8:5-9:10,"Office of Readings, Year II: Ordinary Time, Week 20, Friday"
Eccl 11:7-12:14,"Office of Readings, Year II: Ordinary Time, Week 20, Saturday"
Titus 1:1-16,"Office of Readings, Year II: Ordinary Time, Week 21, Sunday"
Titus 2:1-3:2,"Office of Readings, Year II: Ordinary Time, Week 21, Monday"
Titus 3:3-15,"Office of Readings, Year II: Ordinary Time, Week 21, Tuesday"
1 Tim 1:1-20,"Office of Readings, Year II: Ordinary Time, Week 21, Wednesday"
1 Tim 2:1-15,"Office of Readings, Year II: Ordinary Time, Week 21, Thursday"
1 Tim 3:1-16,"Office of Readings, Year II: Ordinary Time, Week 21, Friday"
1 Tim 4:1-5:2,"Office of Readings, Year II: Ordinary Time, Week 21, Saturday"
1 Tim 5:3-25,"Office of Readings, Year II: Ordinary Time, Week 22, Sunday"
1 Tim 6:1-10,"Office of Readings, Year II: Ordinary Time, Week 22, Monday"
1 Tim 6:11-21,"Office of Readings, Year II: Ordinary Time, Week 22, Tuesday"
2 Tim 1:1-18,"Office of Readings, Year II: Ordinary Time, Week 22, Wednesday"
2 Tim 2:1-21,"Office of Readings, Year II: Ordinary Time, Week 22, Thursday"
2 Tim 2:22-3:17,"Office of Readings, Year II: Ordinary Time, Week 22, Friday"
2 Tim 4:1-22,"Office of Readings, Year II: Ordinary Time, Week 22, Saturday"
2 Pet 1:1-11,"Office of Readings, Year II: Ordinary Time, Week 23, Sunday"
2 Pet 1:12-21,"Office of Readings, Year II: Ordinary Time, Week 23, Monday"
2 Pet 2:1-9,"Office of Readings, Year II: Ordinary Time, Week 23, Tuesday"
2 Pet 2:9 -22,"Office of Readings, Year II: Ordinary Time, Week 23, Wednesday"
2 Pet 3:1-10,"Office of Readings, Year II: Ordinary Time, Week 23, Thursday"
2 Pet 3:11-18,"Office of Readings, Year II: Ordinary Time, Week 23, Friday"
"Jude 1:1-8, 12-13, 17-25","Office of Readings, Year II: Ordinary Time, Week 23, Saturday"
"Est 1:1-3, 9-13, 15-16, 19, 2:5-10, 16-17","Office of Readings, Year II: Ordinary Time, Week 24, Sunday"
Est 3:1-15,"Office of Readings, Year II: Ordinary Time, Week 24, Monday"
"Est 4:1-8, 8a, 9-17","Office of Readings, Year II: Ordinary Time, Week 24, Tuesday"
"Est 5:1-5, 7:1-10","Office of Readings, Year II: Ordinary Time, Week 24, Thursday"
"Bar 1:14-2:5, 3:1-8","Office of Readings, Year II: Ordinary Time, Week 24, Friday"
"Bar 3:9-15, 3:24-4:4","Office of Readings, Year II: Ordinary Time, Week 24, Saturday"
Tob 1:1-2:1a,"Office of Readings, Year II: Ordinary Time, Week 25, Sunday"
Tob 2:1b-3:6,"Office of Readings, Year II: Ordinary Time, Week 25, Monday"
Tob 3:7-17,"Office of Readings, Year II: Ordinary Time, Week 25, Tuesday"
"Tob 4:1-5a, 16, 20, 5:1-13, 5:17b-6:1","Office of Readings, Year II: Ordinary Time, Week 25, Wednesday"
Tob 6:2-18,"Office of Readings, Year II: Ordinary Time, Week 25, Thursday"
"Tob 7:1, 9b-17, 8:1, 4-16","Office of Readings, Year II: Ordinary Time, Week 25, Friday"
"Jdt 2:1-6, 3:6, 4:1-2, 9-15","Office of Readings, Year II: Ordinary Time, Week 26, Sunday"
Jdt 5:1-21,"Office of Readings, Year II: Ordinary Time, Week 26, Monday"
"Jdt 6:1-8, 6:10-7:1, 4-5","Office of Readings, Year II: Ordinary Time, Week 26, Tuesday"
"Jdt 8:1a, 9b-14, 28-33, 9:1, 4b-6, 11-14","Office of Readings, Year II: Ordinary Time, Week 26, Wednesday"
"Jdt 10:1-5, 11-17, 11:1-8, 20-23","Office of Readings, Year II: Ordinary Time, Week 26, Thursday"
Jdt 12:1-13:3,"Office of Readings, Year II: Ordinary Time, Week 26, Friday"
Jdt 13:4-20,"Office of Readings, Year II: Ordinary Time, Week 26, Saturday"
Sir 1:1-20,"Office of Readings, Year II: Ordinary Time, Week 27, Sunday"
Sir 2:1-18,"Office of Readings, Year II: Ordinary Time, Week 27, Monday"
Sir 3:1-18,"Office of Readings, Year II: Ordinary Time, Week 27, Tuesday"
Sir 3:19-4:11,"Office of Readings, Year II: Ordinary Time, Week 27, Wednesday"
Sir 5:1-6:4,"Office of Readings, Year II: Ordinary Time, Week 27, Thursday"
"Sir 6:5-19, 23, 27-37","Office of Readings, Year II: Ordinary Time, Week 27, Friday"
Sir 7:24-40,"Office of Readings, Year II: Ordinary Time, Week 27, Saturday"
Sir 11:12-30,"Office of Readings, Year II: Ordinary Time, Week 28, Monday"
Sir 14:22-15:10,"Office of Readings, Year II: Ordinary Time, Week 28, Tuesday"
Sir 15:11-21,"Office of Readings, Year II: Ordinary Time, Week 28, Wednesday"
Sir 16:24-17:12,"Office of Readings, Year II: Ordinary Time, Week 28, Thursday"
Sir 17:13-31,"Office of Readings, Year II: Ordinary Time, Week 28, Friday"
"Sir 24:1b, 4b-31","Office of Readings, Year II: Ordinary Time, Week 28, Saturday"
"Sir 26:1-4, 12-23","Office of Readings, Year II: Ordinary Time, Week 29, Sunday"
Sir 27:25-28:9,"Office of Readings, Year II: Ordinary Time, Week 29, Monday"
"Sir 29:1-15, 31:1-4","Office of Readings, Year II: Ordinary Time, Week 29, Tuesday"
Sir 35:1-21,"Office of Readings, Year II: Ordinary Time, Week 29, Wednesday"
Sir 38:32-39:14,"Office of Readings, Year II: Ordinary Time, Week 29, Thursday"
"Sir 42:15-26, 43:29-37","Office of Readings, Year II: Ordinary Time, Week 29, Friday"
Sir 51:1-17,"Office of Readings, Year II: Ordinary Time, Week 29, Saturday"
Wis 1:1-15,"Office of Readings, Year II: Ordinary Time, Week 30, Sunday"
"Wis 1:16-2:1a, 10-24","Office of Readings, Year II: Ordinary Time, Week 30, Monday"
Wis 3:1-19,"Office of Readings, Year II: Ordinary Time, Week 30, Tuesday"
Wis 4:1-20,"Office of Readings, Year II: Ordinary Time, Week 30, Wednesday"
Wis 5:1-23,"Office of Readings, Year II: Ordinary Time, Week 30, Thursday"
Wis 6:1-25,"Office of Readings, Year II: Ordinary Time, Week 30, Friday"
Wis 7:15-30,"Office of Readings, Year II: Ordinary Time, Week 30, Saturday"
Wis 8:1-21a,"Office of Readings, Year II: Ordinary Time, Week 31, Sunday"
Wis 8:21b-9:18,"Office of Readings, Year II: Ordinary Time, Week 31, Monday"
Wis 10:1-11:4,"Office of Readings, Year II: Ordinary Time, Week 31, Tuesday"
"Wis 11:20b-12:2, 11b-19","Office of Readings, Year II: Ordinary Time, Week 31, Wednesday"
"Wis 13:1-10, 14:15-21, 15:1-6","Office of Readings, Year II: Ordinary Time, Week 31, Thursday"
"Wis 16:2b-13, 20-26","Office of Readings, Year II: Ordinary Time, Week 31, Friday"
"Wis 18:1-16, 19:4-9","Office of Readings, Year II: Ordinary Time, Week 31, Saturday"
1 Macc 1:1-25,"Office of Readings, Year II: Ordinary Time, Week 32, Sunday"
1 Macc 1:41-64,"Office of Readings, Year II: Ordinary Time, Week 32, Monday"
2 Macc 6:12-31,"Office of Readings, Year II: Ordinary Time, Week 32, Tuesday"
2 Macc 7:1-19,"Office of Readings, Year II: Ordinary Time, Week 32, Wednesday"
2 Macc 7:20-41,"Office of Readings, Year II: Ordinary Time, Week 32, Thursday"
"1 Macc 2:1, 15-28, 42-50, 65-70","Office of Readings, Year II: Ordinary Time, Week 32, Friday"
1 Macc 3:1-26,"Office of Readings, Year II: Ordinary Time, Week 32, Saturday"
1 Macc 4:36-59,"Office of Readings, Year II: Ordinary Time, Week 33, Sunday"
2 Macc 12:32-46,"Office of Readings, Year II: Ordinary Time, Week 33, Monday"
1 Macc 6:1-17,"Office of Readings, Year II: Ordinary Time, Week 33, Tuesday"
1 Macc 9:1-22,"Office of Readings, Year II: Ordinary Time, Week 33, Wednesday"
Dan 1:1-21,"Office of Readings, Year II: Ordinary Time, Week 33, Thursday"
Dan 2:26-47,"Office of Readings, Year II: Ordinary Time, Week 33, Friday"
"Dan 3:8-12, 19-24, 91-97","Office of Readings, Year II: Ordinary Time, Week 33, Saturday"
Dan 7:1-27,"Office of Readings, Year II: Sunday Solemnity of Our Lord Jesus Christ, King of the Universe"
"Dan 5:1-2, 5-9, 13-17, 5:25-6:1","Office of Readings, Year II: Ordinary Time, Week 34, Monday"
Dan 6:4-28,"Office of Readings, Year II: Ordinary Time, Week 34, Tuesday"
Dan 8:1-26,"Office of Readings, Year II: Ordinary Time, Week 34, Wednesday"
"Dan 9:1-4, 18-27","Office of Readings, Year II: Ordinary Time, Week 34, Thursday"
Dan 10:1-11:1,"Office of Readings, Year II: Ordinary Time, Week 34, Friday"
Dan 12:1-13,"Office of Readings, Year II: Ordinary Time, Week 34, Saturday"
